time,Sum of Sessions - ChargerId → Energy,energy
2017-02-07T18:30:00Z,1.485,1.485
2017-02-08T18:30:00Z,3.401,3.401
2017-02-12T18:30:00Z,5.826,5.826
2017-02-13T18:30:00Z,5.187,5.187
2017-02-14T18:30:00Z,3.802,3.802
2017-02-20T18:30:00Z,3.964,3.964
2017-02-21T18:30:00Z,3.666,3.666
2017-02-22T18:30:00Z,3.631,3.631
2017-02-23T18:30:00Z,6.08,6.08
2017-02-27T18:30:00Z,9.565000000000001,9.565000000000001
2017-02-28T18:30:00Z,4.731,4.731
2017-03-01T18:30:00Z,3.143,3.143
2017-03-02T18:30:00Z,0.917,0.917
2017-03-05T18:30:00Z,4.787,4.787
2017-03-06T18:30:00Z,5.929,5.929
2017-03-22T18:30:00Z,15.971,15.971
2017-05-18T18:30:00Z,0,0
2017-05-19T18:30:00Z,7.034,7.034
2017-05-21T18:30:00Z,1.242,1.242
2017-05-22T18:30:00Z,30.977,30.977
2017-05-23T18:30:00Z,29.423000000000002,29.423000000000002
2017-05-24T18:30:00Z,39.400999999999996,39.400999999999996
2017-05-25T18:30:00Z,23.631,23.631
2017-05-29T18:30:00Z,3.086,3.086
2017-05-30T18:30:00Z,6.732,6.732
2017-05-31T18:30:00Z,31.769000000000002,31.769000000000002
2017-06-01T18:30:00Z,86.18900000000001,86.18900000000001
2017-06-04T18:30:00Z,68.958,68.958
2017-06-05T18:30:00Z,49.716,49.716
2017-06-06T18:30:00Z,39.892,39.892
2017-06-07T18:30:00Z,42.968,42.968
2017-06-08T18:30:00Z,19.025,19.025
2017-06-09T18:30:00Z,0,0
2017-06-11T18:30:00Z,32.315,32.315
2017-06-12T18:30:00Z,64.108,64.108
2017-06-13T18:30:00Z,34.376999999999995,34.376999999999995
2017-06-14T18:30:00Z,41.223,41.223
2017-06-15T18:30:00Z,19.363,19.363
2017-06-18T18:30:00Z,26.711,26.711
2017-06-19T18:30:00Z,40.201,40.201
2017-06-20T18:30:00Z,31.293,31.293
2017-06-21T18:30:00Z,33.902,33.902
2017-06-23T18:30:00Z,6.197,6.197
2017-06-25T18:30:00Z,15.163,15.163
2017-06-26T18:30:00Z,70.645,70.645
2017-06-27T18:30:00Z,40.058,40.058
2017-06-28T18:30:00Z,30.315,30.315
2017-06-29T18:30:00Z,5.287,5.287
2017-07-02T18:30:00Z,25.621,25.621
2017-07-04T18:30:00Z,61.02,61.02
2017-07-05T18:30:00Z,61.658,61.658
2017-07-06T18:30:00Z,8.015,8.015
2017-07-09T18:30:00Z,98.822,98.822
2017-07-10T18:30:00Z,80.019,80.019
2017-07-11T18:30:00Z,45.075,45.075
2017-07-12T18:30:00Z,5.719,5.719
2017-07-13T18:30:00Z,13.872,13.872
2017-07-16T18:30:00Z,52.201,52.201
2017-07-17T18:30:00Z,57.066,57.066
2017-07-18T18:30:00Z,13.789000000000001,13.789000000000001
2017-07-19T18:30:00Z,6.641,6.641
2017-07-20T18:30:00Z,20.967,20.967
2017-07-23T18:30:00Z,35.982,35.982
2017-07-24T18:30:00Z,7.66,7.66
2017-07-25T18:30:00Z,46.495000000000005,46.495000000000005
2017-07-26T18:30:00Z,9.72,9.72
2017-07-27T18:30:00Z,33.227000000000004,33.227000000000004
2017-07-30T18:30:00Z,7.005,7.005
2017-07-31T18:30:00Z,24.878999999999998,24.878999999999998
2017-08-01T18:30:00Z,19.778,19.778
2017-08-02T18:30:00Z,19.844,19.844
2017-08-03T18:30:00Z,8.022,8.022
2017-08-06T18:30:00Z,44.864999999999995,44.864999999999995
2017-08-07T18:30:00Z,57.441,57.441
2017-08-08T18:30:00Z,38.662,38.662
2017-08-09T18:30:00Z,63.726,63.726
2017-08-10T18:30:00Z,33.854,33.854
2017-08-11T18:30:00Z,12.647,12.647
2017-08-12T18:30:00Z,4.141,4.141
2017-08-13T18:30:00Z,50.647,50.647
2017-08-14T18:30:00Z,26.383000000000003,26.383000000000003
2017-08-15T18:30:00Z,50.358,50.358
2017-08-16T18:30:00Z,33.601,33.601
2017-08-17T18:30:00Z,13.233,13.233
2017-08-20T18:30:00Z,24.137999999999998,24.137999999999998
2017-08-21T18:30:00Z,24.671999999999997,24.671999999999997
2017-08-22T18:30:00Z,24.338,24.338
2017-08-23T18:30:00Z,47.540000000000006,47.540000000000006
2017-08-24T18:30:00Z,28.348,28.348
2017-08-25T18:30:00Z,15.104,15.104
2017-08-27T18:30:00Z,88.295,88.295
2017-08-28T18:30:00Z,45.036,45.036
2017-08-29T18:30:00Z,55.712,55.712
2017-08-30T18:30:00Z,18.986,18.986
2017-08-31T18:30:00Z,32.408,32.408
2017-09-04T18:30:00Z,39.299,39.299
2017-09-05T18:30:00Z,35.82,35.82
2017-09-06T18:30:00Z,7.064,7.064
2017-09-11T18:30:00Z,9.018,9.018
2017-09-12T18:30:00Z,16.9,16.9
2017-09-13T18:30:00Z,18.704,18.704
2017-09-14T18:30:00Z,39.865,39.865
2017-09-17T18:30:00Z,46.103,46.103
2017-09-18T18:30:00Z,48.391000000000005,48.391000000000005
2017-09-19T18:30:00Z,38.931,38.931
2017-09-20T18:30:00Z,26.779000000000003,26.779000000000003
2017-09-21T18:30:00Z,101.04599999999999,101.04599999999999
2017-09-22T18:30:00Z,25.095,25.095
2017-09-24T18:30:00Z,26.708,26.708
2017-09-25T18:30:00Z,19.62,19.62
2017-09-26T18:30:00Z,33.286,33.286
2017-09-27T18:30:00Z,26.824,26.824
2017-09-28T18:30:00Z,82.446,82.446
2017-10-01T18:30:00Z,78.611,78.611
2017-10-02T18:30:00Z,29.387999999999998,29.387999999999998
2017-10-03T18:30:00Z,39.557,39.557
2017-10-04T18:30:00Z,42.65,42.65
2017-10-05T18:30:00Z,66.801,66.801
2017-10-08T18:30:00Z,25.47,25.47
2017-10-09T18:30:00Z,30.003,30.003
2017-10-10T18:30:00Z,49.991,49.991
2017-10-11T18:30:00Z,44.319,44.319
2017-10-12T18:30:00Z,17.625,17.625
2017-10-13T18:30:00Z,35.525,35.525
2017-10-15T18:30:00Z,77.888,77.888
2017-10-16T18:30:00Z,94.52,94.52
2017-10-17T18:30:00Z,28.285,28.285
2017-10-18T18:30:00Z,17.083,17.083
2017-10-19T18:30:00Z,76.024,76.024
2017-10-20T18:30:00Z,8.239,8.239
2017-10-22T18:30:00Z,86.036,86.036
2017-10-23T18:30:00Z,18.861,18.861
2017-10-24T18:30:00Z,10.833,10.833
2017-10-25T18:30:00Z,90.291,90.291
2017-10-26T18:30:00Z,29.857,29.857
2017-10-27T18:30:00Z,32.822,32.822
2017-10-29T18:30:00Z,21.636,21.636
2017-10-30T18:30:00Z,103.101,103.101
2017-10-31T18:30:00Z,77.309,77.309
2017-11-01T18:30:00Z,12.334,12.334
2017-11-02T18:30:00Z,22.548000000000002,22.548000000000002
2017-11-03T18:30:00Z,51.736,51.736
2017-11-04T18:30:00Z,7.485,7.485
2017-11-05T18:30:00Z,17.951999999999998,17.951999999999998
2017-11-06T18:30:00Z,69.102,69.102
2017-11-07T18:30:00Z,21.036,21.036
2017-11-08T18:30:00Z,0.964,0.964
2017-11-09T18:30:00Z,11.492,11.492
2017-11-14T18:30:00Z,0,0
2017-11-15T18:30:00Z,6.101999999999999,6.101999999999999
2017-11-16T18:30:00Z,36.085,36.085
2017-11-19T18:30:00Z,10.382,10.382
2017-11-20T18:30:00Z,2.761,2.761
2017-11-26T18:30:00Z,9.264,9.264
2017-11-27T18:30:00Z,21.317,21.317
2017-11-28T18:30:00Z,4.073,4.073
2017-11-29T18:30:00Z,16.189,16.189
2017-11-30T18:30:00Z,2.211,2.211
2017-12-03T18:30:00Z,2.52,2.52
2017-12-04T18:30:00Z,6.59,6.59
2017-12-05T18:30:00Z,5.496,5.496
2017-12-06T18:30:00Z,7.127,7.127
2017-12-10T18:30:00Z,8.576,8.576
2017-12-11T18:30:00Z,8.365,8.365
2017-12-12T18:30:00Z,15.503,15.503
2017-12-14T18:30:00Z,5.177,5.177
2017-12-15T18:30:00Z,0.539,0.539
2017-12-17T18:30:00Z,11.982,11.982
2017-12-18T18:30:00Z,4.432,4.432
2017-12-19T18:30:00Z,20.137,20.137
2017-12-20T18:30:00Z,6.388,6.388
2017-12-23T18:30:00Z,62.16,62.16
2017-12-27T18:30:00Z,13.97,13.97
2017-12-28T18:30:00Z,11.606,11.606
2017-12-30T18:30:00Z,65.015,65.015
2018-01-01T18:30:00Z,6.718,6.718
2018-01-02T18:30:00Z,3.028,3.028
2018-01-03T18:30:00Z,57.895,57.895
2018-01-04T18:30:00Z,7.936,7.936
2018-01-07T18:30:00Z,9.799,9.799
2018-01-08T18:30:00Z,71.21000000000001,71.21000000000001
2018-01-09T18:30:00Z,8.001999999999999,8.001999999999999
2018-01-10T18:30:00Z,40.522999999999996,40.522999999999996
2018-01-11T18:30:00Z,6.493,6.493
2018-01-13T18:30:00Z,21.321,21.321
2018-01-14T18:30:00Z,19.771,19.771
2018-01-15T18:30:00Z,15.899000000000001,15.899000000000001
2018-01-16T18:30:00Z,18.665,18.665
2018-01-17T18:30:00Z,106.744,106.744
2018-01-18T18:30:00Z,22.622,22.622
2018-01-19T18:30:00Z,40.523,40.523
2018-01-21T18:30:00Z,56.81,56.81
2018-01-22T18:30:00Z,25.467,25.467
2018-01-23T18:30:00Z,20.646,20.646
2018-01-24T18:30:00Z,12.625,12.625
2018-01-25T18:30:00Z,17.243000000000002,17.243000000000002
2018-01-27T18:30:00Z,10.5,10.5
2018-01-28T18:30:00Z,17.191000000000003,17.191000000000003
2018-01-29T18:30:00Z,104.088,104.088
2018-01-30T18:30:00Z,30.284,30.284
2018-01-31T18:30:00Z,38.255,38.255
2018-02-01T18:30:00Z,51.768,51.768
2018-02-02T18:30:00Z,3.272,3.272
2018-02-04T18:30:00Z,54.82,54.82
2018-02-05T18:30:00Z,43.163,43.163
2018-02-06T18:30:00Z,35.258,35.258
2018-02-07T18:30:00Z,60.45,60.45
2018-02-08T18:30:00Z,74.37,74.37
2018-02-11T18:30:00Z,37.814,37.814
2018-02-12T18:30:00Z,43.58,43.58
2018-02-13T18:30:00Z,41.58,41.58
2018-02-14T18:30:00Z,16.791,16.791
2018-02-15T18:30:00Z,55.284,55.284
2018-02-16T18:30:00Z,44.545,44.545
2018-02-17T18:30:00Z,43.849,43.849
2018-02-18T18:30:00Z,97.161,97.161
2018-02-19T18:30:00Z,29.793,29.793
2018-02-20T18:30:00Z,20.561,20.561
2018-02-21T18:30:00Z,82.472,82.472
2018-02-22T18:30:00Z,16.490000000000002,16.490000000000002
2018-02-23T18:30:00Z,62.46,62.46
2018-02-24T18:30:00Z,93.543,93.543
2018-02-25T18:30:00Z,25.725,25.725
2018-02-26T18:30:00Z,70.905,70.905
2018-02-27T18:30:00Z,16.804000000000002,16.804000000000002
2018-02-28T18:30:00Z,19.490000000000002,19.490000000000002
2018-03-01T18:30:00Z,22.859,22.859
2018-03-02T18:30:00Z,20.093,20.093
2018-03-04T18:30:00Z,118.136,118.136
2018-03-05T18:30:00Z,151.875,151.875
2018-03-06T18:30:00Z,22.778,22.778
2018-03-07T18:30:00Z,134.2,134.2
2018-03-08T18:30:00Z,26.486,26.486
2018-03-11T18:30:00Z,119.785,119.785
2018-03-12T18:30:00Z,18.407,18.407
2018-03-13T18:30:00Z,114.507,114.507
2018-03-14T18:30:00Z,23.694,23.694
2018-03-15T18:30:00Z,150.289,150.289
2018-03-16T18:30:00Z,31.769,31.769
2018-03-18T18:30:00Z,31.15,31.15
2018-03-19T18:30:00Z,32.975,32.975
2018-03-20T18:30:00Z,72.875,72.875
2018-03-21T18:30:00Z,45.506,45.506
2018-03-22T18:30:00Z,144.165,144.165
2018-03-23T18:30:00Z,56.422,56.422
2018-03-24T18:30:00Z,90.744,90.744
2018-03-25T18:30:00Z,126.42099999999999,126.42099999999999
2018-03-26T18:30:00Z,12.778,12.778
2018-03-27T18:30:00Z,34.284,34.284
2018-03-28T18:30:00Z,95.13300000000001,95.13300000000001
2018-03-29T18:30:00Z,13.922999999999998,13.922999999999998
2018-03-31T18:30:00Z,62.808,62.808
2018-04-01T18:30:00Z,82.979,82.979
2018-04-02T18:30:00Z,21.637,21.637
2018-04-03T18:30:00Z,129.461,129.461
2018-04-04T18:30:00Z,54.439,54.439
2018-04-05T18:30:00Z,60.855000000000004,60.855000000000004
2018-04-06T18:30:00Z,26.267,26.267
2018-04-07T18:30:00Z,4.334,4.334
2018-04-08T18:30:00Z,52.861999999999995,52.861999999999995
2018-04-09T18:30:00Z,137.087,137.087
2018-04-10T18:30:00Z,134.237,134.237
2018-04-11T18:30:00Z,81.298,81.298
2018-04-12T18:30:00Z,50.814,50.814
2018-04-14T18:30:00Z,7.415,7.415
2018-04-15T18:30:00Z,54.51,54.51
2018-04-16T18:30:00Z,119.527,119.527
2018-04-17T18:30:00Z,101.257,101.257
2018-04-18T18:30:00Z,39.367,39.367
2018-04-19T18:30:00Z,107.176,107.176
2018-04-20T18:30:00Z,88.176,88.176
2018-04-21T18:30:00Z,39.891000000000005,39.891000000000005
2018-04-22T18:30:00Z,88.601,88.601
2018-04-23T18:30:00Z,76.932,76.932
2018-04-24T18:30:00Z,77.108,77.108
2018-04-25T18:30:00Z,232.404,232.404
2018-04-26T18:30:00Z,107.942,107.942
2018-04-27T18:30:00Z,14.127,14.127
2018-04-28T18:30:00Z,43.635,43.635
2018-04-29T18:30:00Z,87.243,87.243
2018-04-30T18:30:00Z,73.694,73.694
2018-05-01T18:30:00Z,87.879,87.879
2018-05-02T18:30:00Z,138.826,138.826
2018-05-03T18:30:00Z,150.811,150.811
2018-05-04T18:30:00Z,8.026,8.026
2018-05-06T18:30:00Z,116.819,116.819
2018-05-07T18:30:00Z,142.111,142.111
2018-05-08T18:30:00Z,74.169,74.169
2018-05-09T18:30:00Z,162.565,162.565
2018-05-10T18:30:00Z,60.447,60.447
2018-05-11T18:30:00Z,131.501,131.501
2018-05-12T18:30:00Z,56.861,56.861
2018-05-13T18:30:00Z,81.178,81.178
2018-05-14T18:30:00Z,132.14,132.14
2018-05-15T18:30:00Z,78.693,78.693
2018-05-16T18:30:00Z,141.086,141.086
2018-05-17T18:30:00Z,103.362,103.362
2018-05-18T18:30:00Z,54.019000000000005,54.019000000000005
2018-05-19T18:30:00Z,1.847,1.847
2018-05-20T18:30:00Z,79.603,79.603
2018-05-21T18:30:00Z,112.98,112.98
2018-05-22T18:30:00Z,145.529,145.529
2018-05-23T18:30:00Z,156.814,156.814
2018-05-24T18:30:00Z,116.932,116.932
2018-05-25T18:30:00Z,22.68,22.68
2018-05-26T18:30:00Z,40.678,40.678
2018-05-27T18:30:00Z,19.768,19.768
2018-05-28T18:30:00Z,157.484,157.484
2018-05-29T18:30:00Z,141.857,141.857
2018-05-30T18:30:00Z,143.861,143.861
2018-05-31T18:30:00Z,49.084,49.084
2018-06-01T18:30:00Z,25.107,25.107
2018-06-02T18:30:00Z,0,0
2018-06-03T18:30:00Z,96.796,96.796
2018-06-04T18:30:00Z,115.249,115.249
2018-06-05T18:30:00Z,96.375,96.375
2018-06-06T18:30:00Z,61.58,61.58
2018-06-07T18:30:00Z,98.094,98.094
2018-06-08T18:30:00Z,53.456,53.456
2018-06-09T18:30:00Z,25.188,25.188
2018-06-10T18:30:00Z,88.633,88.633
2018-06-11T18:30:00Z,68.803,68.803
2018-06-12T18:30:00Z,142.808,142.808
2018-06-13T18:30:00Z,112.21300000000001,112.21300000000001
2018-06-14T18:30:00Z,118.869,118.869
2018-06-15T18:30:00Z,104.691,104.691
2018-06-17T18:30:00Z,216.051,216.051
2018-06-18T18:30:00Z,117.732,117.732
2018-06-19T18:30:00Z,174.158,174.158
2018-06-20T18:30:00Z,60.474000000000004,60.474000000000004
2018-06-21T18:30:00Z,54.010999999999996,54.010999999999996
2018-06-22T18:30:00Z,119.245,119.245
2018-06-23T18:30:00Z,73.519,73.519
2018-06-24T18:30:00Z,83.317,83.317
2018-06-25T18:30:00Z,46.59,46.59
2018-06-26T18:30:00Z,110.837,110.837
2018-06-27T18:30:00Z,81.539,81.539
2018-06-28T18:30:00Z,188.731,188.731
2018-06-30T18:30:00Z,26.167,26.167
2018-07-01T18:30:00Z,106.717,106.717
2018-07-02T18:30:00Z,175.07999999999998,175.07999999999998
2018-07-03T18:30:00Z,10.507,10.507
2018-07-04T18:30:00Z,115.688,115.688
2018-07-05T18:30:00Z,108.548,108.548
2018-07-06T18:30:00Z,0,0
2018-07-07T18:30:00Z,23.951,23.951
2018-07-08T18:30:00Z,170.101,170.101
2018-07-09T18:30:00Z,35.002,35.002
2018-07-10T18:30:00Z,35.603,35.603
2018-07-11T18:30:00Z,59.107,59.107
2018-07-12T18:30:00Z,33.322,33.322
2018-07-13T18:30:00Z,14.812,14.812
2018-07-14T18:30:00Z,0.126,0.126
2018-07-15T18:30:00Z,75.806,75.806
2018-07-16T18:30:00Z,112.464,112.464
2018-07-17T18:30:00Z,79.318,79.318
2018-07-18T18:30:00Z,60.202,60.202
2018-07-19T18:30:00Z,103.734,103.734
2018-07-20T18:30:00Z,23.213,23.213
2018-07-21T18:30:00Z,22.044,22.044
2018-07-22T18:30:00Z,73.232,73.232
2018-07-23T18:30:00Z,80.66,80.66
2018-07-24T18:30:00Z,161.383,161.383
2018-07-25T18:30:00Z,107.692,107.692
2018-07-26T18:30:00Z,97.46900000000001,97.46900000000001
2018-07-27T18:30:00Z,14.393,14.393
2018-07-28T18:30:00Z,93.006,93.006
2018-07-29T18:30:00Z,36.01,36.01
2018-07-30T18:30:00Z,147.126,147.126
2018-07-31T18:30:00Z,122.152,122.152
2018-08-01T18:30:00Z,75.835,75.835
2018-08-02T18:30:00Z,186.637,186.637
2018-08-03T18:30:00Z,54.510999999999996,54.510999999999996
2018-08-04T18:30:00Z,0,0
2018-08-05T18:30:00Z,113.27000000000001,113.27000000000001
2018-08-06T18:30:00Z,152.817,152.817
2018-08-07T18:30:00Z,136.46,136.46
2018-08-08T18:30:00Z,222.26,222.26
2018-08-09T18:30:00Z,66.02,66.02
2018-08-10T18:30:00Z,71.099,71.099
2018-08-11T18:30:00Z,18.061,18.061
2018-08-12T18:30:00Z,144.465,144.465
2018-08-13T18:30:00Z,69.198,69.198
2018-08-14T18:30:00Z,135.732,135.732
2018-08-15T18:30:00Z,214.276,214.276
2018-08-16T18:30:00Z,113.856,113.856
2018-08-17T18:30:00Z,5.947,5.947
2018-08-19T18:30:00Z,150.41,150.41
2018-08-20T18:30:00Z,147.181,147.181
2018-08-21T18:30:00Z,209.459,209.459
2018-08-22T18:30:00Z,83.554,83.554
2018-08-23T18:30:00Z,176.32,176.32
2018-08-25T18:30:00Z,94.30600000000001,94.30600000000001
2018-08-26T18:30:00Z,174.747,174.747
2018-08-27T18:30:00Z,80.157,80.157
2018-08-28T18:30:00Z,99.529,99.529
2018-08-29T18:30:00Z,188.256,188.256
2018-08-30T18:30:00Z,74.712,74.712
2018-08-31T18:30:00Z,12.96,12.96
2018-09-01T18:30:00Z,27.91,27.91
2018-09-03T18:30:00Z,153.87300000000002,153.87300000000002
2018-09-04T18:30:00Z,107.223,107.223
2018-09-05T18:30:00Z,95.20400000000001,95.20400000000001
2018-09-06T18:30:00Z,189.954,189.954
2018-09-07T18:30:00Z,0,0
2018-09-08T18:30:00Z,4.593,4.593
2018-09-09T18:30:00Z,30.863,30.863
2018-09-10T18:30:00Z,169.112,169.112
2018-09-11T18:30:00Z,59.951,59.951
2018-09-12T18:30:00Z,74.247,74.247
2018-09-13T18:30:00Z,51.91,51.91
2018-09-14T18:30:00Z,36.031,36.031
2018-09-15T18:30:00Z,31.455,31.455
2018-09-16T18:30:00Z,101.349,101.349
2018-09-17T18:30:00Z,167.09300000000002,167.09300000000002
2018-09-18T18:30:00Z,125.68299999999999,125.68299999999999
2018-09-19T18:30:00Z,133.333,133.333
2018-09-20T18:30:00Z,57.287,57.287
2018-09-21T18:30:00Z,11.233,11.233
2018-09-22T18:30:00Z,13.539,13.539
2018-09-23T18:30:00Z,252.139,252.139
2018-09-24T18:30:00Z,171.483,171.483
2018-09-25T18:30:00Z,140.627,140.627
2018-09-26T18:30:00Z,198.23,198.23
2018-09-27T18:30:00Z,169.513,169.513
2018-09-28T18:30:00Z,36.125,36.125
2018-09-29T18:30:00Z,55.089,55.089
2018-09-30T18:30:00Z,260.778,260.778
2018-10-01T18:30:00Z,89.53099999999999,89.53099999999999
2018-10-02T18:30:00Z,145.888,145.888
2018-10-03T18:30:00Z,191.434,191.434
2018-10-04T18:30:00Z,147.076,147.076
2018-10-05T18:30:00Z,97.038,97.038
2018-10-07T18:30:00Z,287.559,287.559
2018-10-08T18:30:00Z,128.858,128.858
2018-10-09T18:30:00Z,182.322,182.322
2018-10-10T18:30:00Z,143.184,143.184
2018-10-11T18:30:00Z,149.472,149.472
2018-10-12T18:30:00Z,63.976,63.976
2018-10-13T18:30:00Z,50.496,50.496
2018-10-14T18:30:00Z,148.52,148.52
2018-10-15T18:30:00Z,209.401,209.401
2018-10-16T18:30:00Z,122.186,122.186
2018-10-17T18:30:00Z,107.873,107.873
2018-10-18T18:30:00Z,119.684,119.684
2018-10-19T18:30:00Z,62.158,62.158
2018-10-20T18:30:00Z,56.013999999999996,56.013999999999996
2018-10-21T18:30:00Z,203.132,203.132
2018-10-22T18:30:00Z,94.576,94.576
2018-10-23T18:30:00Z,141.451,141.451
2018-10-24T18:30:00Z,55.022999999999996,55.022999999999996
2018-10-25T18:30:00Z,80.492,80.492
2018-10-26T18:30:00Z,118.94,118.94
2018-10-27T18:30:00Z,84.67,84.67
2018-10-28T18:30:00Z,341.785,341.785
2018-10-29T18:30:00Z,128.141,128.141
2018-10-30T18:30:00Z,164.358,164.358
2018-10-31T18:30:00Z,208.141,208.141
2018-11-01T18:30:00Z,165.62,165.62
2018-11-02T18:30:00Z,74.089,74.089
2018-11-03T18:30:00Z,33.57,33.57
2018-11-04T18:30:00Z,107.047,107.047
2018-11-05T18:30:00Z,159.337,159.337
2018-11-06T18:30:00Z,150.329,150.329
2018-11-07T18:30:00Z,135.183,135.183
2018-11-08T18:30:00Z,161.35999999999999,161.35999999999999
2018-11-09T18:30:00Z,11.836,11.836
2018-11-10T18:30:00Z,69.224,69.224
2018-11-11T18:30:00Z,157.38,157.38
2018-11-12T18:30:00Z,207.576,207.576
2018-11-13T18:30:00Z,204.052,204.052
2018-11-14T18:30:00Z,104.985,104.985
2018-11-15T18:30:00Z,102.066,102.066
2018-11-16T18:30:00Z,20.54,20.54
2018-11-17T18:30:00Z,62.702999999999996,62.702999999999996
2018-11-18T18:30:00Z,178.04500000000002,178.04500000000002
2018-11-19T18:30:00Z,154.59099999999998,154.59099999999998
2018-11-20T18:30:00Z,113.794,113.794
2018-11-21T18:30:00Z,155.405,155.405
2018-11-23T18:30:00Z,57.907,57.907
2018-11-24T18:30:00Z,41.128,41.128
2018-11-25T18:30:00Z,163.282,163.282
2018-11-26T18:30:00Z,127.202,127.202
2018-11-27T18:30:00Z,230.52100000000002,230.52100000000002
2018-11-28T18:30:00Z,166.979,166.979
2018-11-29T18:30:00Z,232.34,232.34
2018-11-30T18:30:00Z,23.145,23.145
2018-12-01T18:30:00Z,94.32300000000001,94.32300000000001
2018-12-02T18:30:00Z,127.43,127.43
2018-12-03T18:30:00Z,158.9,158.9
2018-12-04T18:30:00Z,154.071,154.071
2018-12-05T18:30:00Z,204.754,204.754
2018-12-06T18:30:00Z,184.857,184.857
2018-12-07T18:30:00Z,57.23,57.23
2018-12-08T18:30:00Z,28.221,28.221
2018-12-09T18:30:00Z,112.129,112.129
2018-12-10T18:30:00Z,194.129,194.129
2018-12-11T18:30:00Z,170.455,170.455
2018-12-12T18:30:00Z,201.95000000000002,201.95000000000002
2018-12-13T18:30:00Z,186.517,186.517
2018-12-14T18:30:00Z,47.263000000000005,47.263000000000005
2018-12-15T18:30:00Z,0,0
2018-12-16T18:30:00Z,236.295,236.295
2018-12-17T18:30:00Z,102.059,102.059
2018-12-18T18:30:00Z,220.464,220.464
2018-12-19T18:30:00Z,52.251,52.251
2018-12-20T18:30:00Z,96.685,96.685
2018-12-21T18:30:00Z,38.289,38.289
2018-12-22T18:30:00Z,36.867,36.867
2018-12-23T18:30:00Z,119.32600000000001,119.32600000000001
2018-12-24T18:30:00Z,18.472,18.472
2018-12-25T18:30:00Z,123.121,123.121
2018-12-26T18:30:00Z,149.595,149.595
2018-12-27T18:30:00Z,118.447,118.447
2018-12-28T18:30:00Z,78.719,78.719
2018-12-29T18:30:00Z,81.882,81.882
2018-12-30T18:30:00Z,104.02799999999999,104.02799999999999
2018-12-31T18:30:00Z,69.712,69.712
2019-01-01T18:30:00Z,233.573,233.573
2019-01-02T18:30:00Z,142.373,142.373
2019-01-03T18:30:00Z,188.927,188.927
2019-01-04T18:30:00Z,42.010999999999996,42.010999999999996
2019-01-05T18:30:00Z,163.354,163.354
2019-01-06T18:30:00Z,181.56799999999998,181.56799999999998
2019-01-07T18:30:00Z,251.119,251.119
2019-01-08T18:30:00Z,288.49,288.49
2019-01-09T18:30:00Z,143.651,143.651
2019-01-10T18:30:00Z,253.501,253.501
2019-01-11T18:30:00Z,97.063,97.063
2019-01-12T18:30:00Z,54.607,54.607
2019-01-13T18:30:00Z,301.093,301.093
2019-01-14T18:30:00Z,240.446,240.446
2019-01-15T18:30:00Z,250.297,250.297
2019-01-16T18:30:00Z,285.453,285.453
2019-01-17T18:30:00Z,112.208,112.208
2019-01-18T18:30:00Z,33.335,33.335
2019-01-19T18:30:00Z,57.254,57.254
2019-01-20T18:30:00Z,281.212,281.212
2019-01-21T18:30:00Z,195.21,195.21
2019-01-22T18:30:00Z,210.655,210.655
2019-01-23T18:30:00Z,158.956,158.956
2019-01-24T18:30:00Z,205.387,205.387
2019-01-25T18:30:00Z,79.33,79.33
2019-01-26T18:30:00Z,141.2,141.2
2019-01-27T18:30:00Z,255.224,255.224
2019-01-28T18:30:00Z,148.992,148.992
2019-01-29T18:30:00Z,171.315,171.315
2019-01-30T18:30:00Z,216.591,216.591
2019-01-31T18:30:00Z,183.462,183.462
2019-02-01T18:30:00Z,135.345,135.345
2019-02-02T18:30:00Z,59.81,59.81
2019-02-03T18:30:00Z,391.437,391.437
2019-02-04T18:30:00Z,282.666,282.666
2019-02-05T18:30:00Z,331.059,331.059
2019-02-06T18:30:00Z,296.407,296.407
2019-02-07T18:30:00Z,163.713,163.713
2019-02-08T18:30:00Z,61.943000000000005,61.943000000000005
2019-02-09T18:30:00Z,75.56099999999999,75.56099999999999
2019-02-10T18:30:00Z,155.857,155.857
2019-02-11T18:30:00Z,195.49,195.49
2019-02-12T18:30:00Z,203.59,203.59
2019-02-13T18:30:00Z,286.488,286.488
2019-02-14T18:30:00Z,355.532,355.532
2019-02-15T18:30:00Z,17.286,17.286
2019-02-16T18:30:00Z,46.073,46.073
2019-02-17T18:30:00Z,164.695,164.695
2019-02-18T18:30:00Z,202.977,202.977
2019-02-19T18:30:00Z,214.13400000000001,214.13400000000001
2019-02-20T18:30:00Z,263.017,263.017
2019-02-21T18:30:00Z,256.587,256.587
2019-02-22T18:30:00Z,214.14100000000002,214.14100000000002
2019-02-23T18:30:00Z,10.043,10.043
2019-02-24T18:30:00Z,313.303,313.303
2019-02-25T18:30:00Z,182.105,182.105
2019-02-26T18:30:00Z,241.001,241.001
2019-02-27T18:30:00Z,233.00900000000001,233.00900000000001
2019-02-28T18:30:00Z,272.044,272.044
2019-03-01T18:30:00Z,158.433,158.433
2019-03-02T18:30:00Z,116.811,116.811
2019-03-03T18:30:00Z,357.504,357.504
2019-03-04T18:30:00Z,217.549,217.549
2019-03-05T18:30:00Z,267.803,267.803
2019-03-06T18:30:00Z,257.04200000000003,257.04200000000003
2019-03-07T18:30:00Z,244.377,244.377
2019-03-08T18:30:00Z,102.454,102.454
2019-03-09T18:30:00Z,89.901,89.901
2019-03-10T18:30:00Z,206.375,206.375
2019-03-11T18:30:00Z,196.772,196.772
2019-03-12T18:30:00Z,278.77,278.77
2019-03-13T18:30:00Z,199.624,199.624
2019-03-14T18:30:00Z,265.052,265.052
2019-03-15T18:30:00Z,50.665,50.665
2019-03-16T18:30:00Z,16.027,16.027
2019-03-17T18:30:00Z,260.214,260.214
2019-03-18T18:30:00Z,211.859,211.859
2019-03-19T18:30:00Z,141.977,141.977
2019-03-20T18:30:00Z,202.632,202.632
2019-03-21T18:30:00Z,345.742,345.742
2019-03-22T18:30:00Z,39.666,39.666
2019-03-23T18:30:00Z,62.842,62.842
2019-03-24T18:30:00Z,148.40300000000002,148.40300000000002
2019-03-25T18:30:00Z,203.981,203.981
2019-03-26T18:30:00Z,221.978,221.978
2019-03-27T18:30:00Z,227.132,227.132
2019-03-28T18:30:00Z,115.208,115.208
2019-03-29T18:30:00Z,215.01,215.01
2019-03-30T18:30:00Z,25.214,25.214
2019-03-31T18:30:00Z,208.08100000000002,208.08100000000002
2019-04-01T18:30:00Z,181.242,181.242
2019-04-02T18:30:00Z,266.129,266.129
2019-04-03T18:30:00Z,229.268,229.268
2019-04-04T18:30:00Z,300.302,300.302
2019-04-05T18:30:00Z,146.563,146.563
2019-04-06T18:30:00Z,30.252,30.252
2019-04-07T18:30:00Z,152.00900000000001,152.00900000000001
2019-04-08T18:30:00Z,167.436,167.436
2019-04-09T18:30:00Z,243.513,243.513
2019-04-10T18:30:00Z,245.806,245.806
2019-04-11T18:30:00Z,153.74699999999999,153.74699999999999
2019-04-12T18:30:00Z,125.49,125.49
2019-04-13T18:30:00Z,120.807,120.807
2019-04-14T18:30:00Z,190.608,190.608
2019-04-15T18:30:00Z,120.255,120.255
2019-04-16T18:30:00Z,243.051,243.051
2019-04-17T18:30:00Z,253.11,253.11
2019-04-18T18:30:00Z,187.134,187.134
2019-04-19T18:30:00Z,90.649,90.649
2019-04-20T18:30:00Z,100.059,100.059
2019-04-21T18:30:00Z,247.867,247.867
2019-04-22T18:30:00Z,314.973,314.973
2019-04-23T18:30:00Z,279.12,279.12
2019-04-24T18:30:00Z,294.5,294.5
2019-04-25T18:30:00Z,196.364,196.364
2019-04-26T18:30:00Z,94.289,94.289
2019-04-27T18:30:00Z,67.46000000000001,67.46000000000001
2019-04-28T18:30:00Z,288.474,288.474
2019-04-29T18:30:00Z,347.382,347.382
2019-04-30T18:30:00Z,332.618,332.618
2019-05-01T18:30:00Z,349.806,349.806
2019-05-02T18:30:00Z,405.745,405.745
2019-05-03T18:30:00Z,66.16,66.16
2019-05-04T18:30:00Z,65.191,65.191
2019-05-05T18:30:00Z,347.938,347.938
2019-05-06T18:30:00Z,292.51099999999997,292.51099999999997
2019-05-07T18:30:00Z,233.525,233.525
2019-05-08T18:30:00Z,193.841,193.841
2019-05-09T18:30:00Z,298.747,298.747
2019-05-10T18:30:00Z,118.515,118.515
2019-05-11T18:30:00Z,166.487,166.487
2019-05-12T18:30:00Z,383.65,383.65
2019-05-13T18:30:00Z,317.302,317.302
2019-05-14T18:30:00Z,285.84,285.84
2019-05-15T18:30:00Z,248.749,248.749
2019-05-16T18:30:00Z,308.205,308.205
2019-05-17T18:30:00Z,229.957,229.957
2019-05-18T18:30:00Z,124.892,124.892
2019-05-19T18:30:00Z,332.742,332.742
2019-05-20T18:30:00Z,299.254,299.254
2019-05-21T18:30:00Z,256.867,256.867
2019-05-22T18:30:00Z,192.052,192.052
2019-05-23T18:30:00Z,385.242,385.242
2019-05-24T18:30:00Z,113.318,113.318
2019-05-25T18:30:00Z,110.92,110.92
2019-05-26T18:30:00Z,39.266,39.266
2019-05-27T18:30:00Z,170.13400000000001,170.13400000000001
2019-05-28T18:30:00Z,219.579,219.579
2019-05-29T18:30:00Z,166.111,166.111
2019-05-30T18:30:00Z,532.336,532.336
2019-05-31T18:30:00Z,75.089,75.089
2019-06-01T18:30:00Z,97.393,97.393
2019-06-02T18:30:00Z,291.212,291.212
2019-06-03T18:30:00Z,333.762,333.762
2019-06-04T18:30:00Z,255.52599999999998,255.52599999999998
2019-06-05T18:30:00Z,380.577,380.577
2019-06-06T18:30:00Z,325.118,325.118
2019-06-07T18:30:00Z,29.976,29.976
2019-06-08T18:30:00Z,60.271,60.271
2019-06-09T18:30:00Z,351.183,351.183
2019-06-10T18:30:00Z,305.361,305.361
2019-06-11T18:30:00Z,153.415,153.415
2019-06-12T18:30:00Z,271.887,271.887
2019-06-13T18:30:00Z,162.969,162.969
2019-06-14T18:30:00Z,93.224,93.224
2019-06-15T18:30:00Z,78.799,78.799
2019-06-16T18:30:00Z,294.051,294.051
2019-06-17T18:30:00Z,269.493,269.493
2019-06-18T18:30:00Z,149.13400000000001,149.13400000000001
2019-06-19T18:30:00Z,221.951,221.951
2019-06-20T18:30:00Z,186.95000000000002,186.95000000000002
2019-06-21T18:30:00Z,216.427,216.427
2019-06-22T18:30:00Z,28.228,28.228
2019-06-23T18:30:00Z,139.719,139.719
2019-06-24T18:30:00Z,176.752,176.752
2019-06-25T18:30:00Z,228.753,228.753
2019-06-26T18:30:00Z,107.512,107.512
2019-06-27T18:30:00Z,217.92399999999998,217.92399999999998
2019-06-28T18:30:00Z,74.275,74.275
2019-06-29T18:30:00Z,71.047,71.047
2019-06-30T18:30:00Z,390.996,390.996
2019-07-01T18:30:00Z,166.139,166.139
2019-07-02T18:30:00Z,201.881,201.881
2019-07-03T18:30:00Z,71.196,71.196
2019-07-04T18:30:00Z,180.499,180.499
2019-07-05T18:30:00Z,174.364,174.364
2019-07-06T18:30:00Z,31.286,31.286
2019-07-07T18:30:00Z,214.66500000000002,214.66500000000002
2019-07-08T18:30:00Z,95.72,95.72
2019-07-09T18:30:00Z,172.963,172.963
2019-07-10T18:30:00Z,242.089,242.089
2019-07-11T18:30:00Z,190.328,190.328
2019-07-12T18:30:00Z,64.467,64.467
2019-07-13T18:30:00Z,98.819,98.819
2019-07-14T18:30:00Z,171.576,171.576
2019-07-15T18:30:00Z,280.697,280.697
2019-07-16T18:30:00Z,150.554,150.554
2019-07-17T18:30:00Z,420.556,420.556
2019-07-18T18:30:00Z,158.122,158.122
2019-07-19T18:30:00Z,37.734,37.734
2019-07-20T18:30:00Z,116.16000000000001,116.16000000000001
2019-07-21T18:30:00Z,159.519,159.519
2019-07-22T18:30:00Z,170.41,170.41
2019-07-23T18:30:00Z,260.52,260.52
2019-07-24T18:30:00Z,291.05400000000003,291.05400000000003
2019-07-25T18:30:00Z,147.511,147.511
2019-07-26T18:30:00Z,73.955,73.955
2019-07-27T18:30:00Z,79.04599999999999,79.04599999999999
2019-07-28T18:30:00Z,109.772,109.772
2019-07-29T18:30:00Z,303.604,303.604
2019-07-30T18:30:00Z,162.068,162.068
2019-07-31T18:30:00Z,199.428,199.428
2019-08-01T18:30:00Z,412.501,412.501
2019-08-02T18:30:00Z,53.413,53.413
2019-08-03T18:30:00Z,63.123000000000005,63.123000000000005
2019-08-04T18:30:00Z,345.137,345.137
2019-08-05T18:30:00Z,137.319,137.319
2019-08-06T18:30:00Z,83.163,83.163
2019-08-07T18:30:00Z,268.503,268.503
2019-08-08T18:30:00Z,163.029,163.029
2019-08-09T18:30:00Z,194.379,194.379
2019-08-10T18:30:00Z,187.532,187.532
2019-08-11T18:30:00Z,223.65,223.65
2019-08-12T18:30:00Z,332.651,332.651
2019-08-13T18:30:00Z,132.5,132.5
2019-08-14T18:30:00Z,292.928,292.928
2019-08-15T18:30:00Z,320.408,320.408
2019-08-16T18:30:00Z,137.074,137.074
2019-08-17T18:30:00Z,156.50300000000001,156.50300000000001
2019-08-18T18:30:00Z,336.664,336.664
2019-08-19T18:30:00Z,201.357,201.357
2019-08-20T18:30:00Z,404.916,404.916
2019-08-21T18:30:00Z,325.533,325.533
2019-08-22T18:30:00Z,263.462,263.462
2019-08-23T18:30:00Z,180.608,180.608
2019-08-24T18:30:00Z,122.793,122.793
2019-08-25T18:30:00Z,191.69299999999998,191.69299999999998
2019-08-26T18:30:00Z,330.613,330.613
2019-08-27T18:30:00Z,369.992,369.992
2019-08-28T18:30:00Z,344.811,344.811
2019-08-29T18:30:00Z,221.683,221.683
2019-08-30T18:30:00Z,239.381,239.381
2019-08-31T18:30:00Z,80.27,80.27
2019-09-01T18:30:00Z,34.534,34.534
2019-09-02T18:30:00Z,208.684,208.684
2019-09-03T18:30:00Z,369.128,369.128
2019-09-04T18:30:00Z,296.661,296.661
2019-09-05T18:30:00Z,412.831,412.831
2019-09-06T18:30:00Z,129.977,129.977
2019-09-07T18:30:00Z,108.24,108.24
2019-09-08T18:30:00Z,601.127,601.127
2019-09-09T18:30:00Z,447.537,447.537
2019-09-10T18:30:00Z,403.374,403.374
2019-09-11T18:30:00Z,381.815,381.815
2019-09-12T18:30:00Z,420.65,420.65
2019-09-13T18:30:00Z,66.888,66.888
2019-09-14T18:30:00Z,44.918,44.918
2019-09-15T18:30:00Z,578.184,578.184
2019-09-16T18:30:00Z,289.755,289.755
2019-09-17T18:30:00Z,515.362,515.362
2019-09-18T18:30:00Z,334.459,334.459
2019-09-19T18:30:00Z,597.9780000000001,597.9780000000001
2019-09-20T18:30:00Z,208.067,208.067
2019-09-21T18:30:00Z,130.001,130.001
2019-09-22T18:30:00Z,513.867,513.867
2019-09-23T18:30:00Z,385.736,385.736
2019-09-24T18:30:00Z,441.959,441.959
2019-09-25T18:30:00Z,366.836,366.836
2019-09-26T18:30:00Z,472.086,472.086
2019-09-27T18:30:00Z,175.34199999999998,175.34199999999998
2019-09-28T18:30:00Z,86.259,86.259
2019-09-29T18:30:00Z,443.113,443.113
2019-09-30T18:30:00Z,508.589,508.589
2019-10-01T18:30:00Z,611.241,611.241
2019-10-02T18:30:00Z,455.027,455.027
2019-10-03T18:30:00Z,456.644,456.644
2019-10-04T18:30:00Z,320.102,320.102
2019-10-05T18:30:00Z,276.61199999999997,276.61199999999997
2019-10-06T18:30:00Z,520.071,520.071
2019-10-07T18:30:00Z,350.13,350.13
2019-10-08T18:30:00Z,312.688,312.688
2019-10-09T18:30:00Z,459.376,459.376
2019-10-10T18:30:00Z,457.656,457.656
2019-10-11T18:30:00Z,196.828,196.828
2019-10-12T18:30:00Z,417.797,417.797
2019-10-13T18:30:00Z,455.781,455.781
2019-10-14T18:30:00Z,463.233,463.233
2019-10-15T18:30:00Z,491.026,491.026
2019-10-16T18:30:00Z,587.357,587.357
2019-10-17T18:30:00Z,589.296,589.296
2019-10-18T18:30:00Z,398.096,398.096
2019-10-19T18:30:00Z,305.217,305.217
2019-10-20T18:30:00Z,560.953,560.953
2019-10-21T18:30:00Z,602.334,602.334
2019-10-22T18:30:00Z,577.767,577.767
2019-10-23T18:30:00Z,616.691,616.691
2019-10-24T18:30:00Z,517.6129999999999,517.6129999999999
2019-10-25T18:30:00Z,236.593,236.593
2019-10-26T18:30:00Z,303.574,303.574
2019-10-27T18:30:00Z,670.594,670.594
2019-10-28T18:30:00Z,560.9830000000001,560.9830000000001
2019-10-29T18:30:00Z,566.95,566.95
2019-10-30T18:30:00Z,702.925,702.925
2019-10-31T18:30:00Z,529.23,529.23
2019-11-01T18:30:00Z,326.366,326.366
2019-11-02T18:30:00Z,78.157,78.157
2019-11-03T18:30:00Z,698.927,698.927
2019-11-04T18:30:00Z,558.807,558.807
2019-11-05T18:30:00Z,648.92,648.92
2019-11-06T18:30:00Z,604.629,604.629
2019-11-07T18:30:00Z,524.582,524.582
2019-11-08T18:30:00Z,361.44,361.44
2019-11-09T18:30:00Z,333.628,333.628
2019-11-10T18:30:00Z,637.225,637.225
2019-11-11T18:30:00Z,429.457,429.457
2019-11-12T18:30:00Z,641.374,641.374
2019-11-13T18:30:00Z,658.9159999999999,658.9159999999999
2019-11-14T18:30:00Z,733.717,733.717
2019-11-15T18:30:00Z,159.393,159.393
2019-11-16T18:30:00Z,190.37,190.37
2019-11-17T18:30:00Z,674.056,674.056
2019-11-18T18:30:00Z,420.886,420.886
2019-11-19T18:30:00Z,664.335,664.335
2019-11-20T18:30:00Z,652.573,652.573
2019-11-21T18:30:00Z,608.053,608.053
2019-11-22T18:30:00Z,330.401,330.401
2019-11-23T18:30:00Z,551.52,551.52
2019-11-24T18:30:00Z,478.594,478.594
2019-11-25T18:30:00Z,582.177,582.177
2019-11-26T18:30:00Z,374.649,374.649
2019-11-27T18:30:00Z,350.663,350.663
2019-11-28T18:30:00Z,127.251,127.251
2019-11-29T18:30:00Z,229.756,229.756
2019-11-30T18:30:00Z,400.553,400.553
2019-12-01T18:30:00Z,564.169,564.169
2019-12-02T18:30:00Z,575.997,575.997
2019-12-03T18:30:00Z,583.508,583.508
2019-12-04T18:30:00Z,786.46,786.46
2019-12-05T18:30:00Z,841.432,841.432
2019-12-06T18:30:00Z,347.491,347.491
2019-12-07T18:30:00Z,331.663,331.663
2019-12-08T18:30:00Z,585.937,585.937
2019-12-09T18:30:00Z,526.071,526.071
2019-12-10T18:30:00Z,607.89,607.89
2019-12-11T18:30:00Z,515.331,515.331
2019-12-12T18:30:00Z,944.325,944.325
2019-12-13T18:30:00Z,357.246,357.246
2019-12-14T18:30:00Z,209.532,209.532
2019-12-15T18:30:00Z,630.506,630.506
2019-12-16T18:30:00Z,588.644,588.644
2019-12-17T18:30:00Z,425.128,425.128
2019-12-18T18:30:00Z,567.243,567.243
2019-12-19T18:30:00Z,565.456,565.456
2019-12-20T18:30:00Z,519.823,519.823
2019-12-21T18:30:00Z,249.177,249.177
2019-12-22T18:30:00Z,486.29699999999997,486.29699999999997
2019-12-23T18:30:00Z,412.508,412.508
2019-12-24T18:30:00Z,344.583,344.583
2019-12-25T18:30:00Z,385.093,385.093
2019-12-26T18:30:00Z,557.262,557.262
2019-12-27T18:30:00Z,239.273,239.273
2019-12-28T18:30:00Z,178.805,178.805
2019-12-29T18:30:00Z,697.854,697.854
2019-12-30T18:30:00Z,352.29200000000003,352.29200000000003
2019-12-31T18:30:00Z,273.456,273.456
2020-01-01T18:30:00Z,637.712,637.712
2020-01-02T18:30:00Z,336.604,336.604
2020-01-03T18:30:00Z,275.211,275.211
2020-01-04T18:30:00Z,365.01800000000003,365.01800000000003
2020-01-05T18:30:00Z,641.999,641.999
2020-01-06T18:30:00Z,685.329,685.329
2020-01-07T18:30:00Z,729.981,729.981
2020-01-08T18:30:00Z,594.567,594.567
2020-01-09T18:30:00Z,692.895,692.895
2020-01-10T18:30:00Z,441.974,441.974
2020-01-11T18:30:00Z,397.525,397.525
2020-01-12T18:30:00Z,621.969,621.969
2020-01-13T18:30:00Z,547.46,547.46
2020-01-14T18:30:00Z,551.294,551.294
2020-01-15T18:30:00Z,698.812,698.812
2020-01-16T18:30:00Z,626.938,626.938
2020-01-17T18:30:00Z,525.977,525.977
2020-01-18T18:30:00Z,260.58,260.58
2020-01-19T18:30:00Z,454.919,454.919
2020-01-20T18:30:00Z,751.0889999999999,751.0889999999999
2020-01-21T18:30:00Z,903.689,903.689
2020-01-22T18:30:00Z,756.128,756.128
2020-01-23T18:30:00Z,674.399,674.399
2020-01-24T18:30:00Z,170.567,170.567
2020-01-25T18:30:00Z,309.376,309.376
2020-01-26T18:30:00Z,679.541,679.541
2020-01-27T18:30:00Z,758.765,758.765
2020-01-28T18:30:00Z,627.015,627.015
2020-01-29T18:30:00Z,762.068,762.068
2020-01-30T18:30:00Z,606.146,606.146
2020-01-31T18:30:00Z,270.088,270.088
2020-02-01T18:30:00Z,266.253,266.253
2020-02-02T18:30:00Z,488.502,488.502
2020-02-03T18:30:00Z,755.906,755.906
2020-02-04T18:30:00Z,740.467,740.467
2020-02-05T18:30:00Z,713.698,713.698
2020-02-06T18:30:00Z,843.708,843.708
2020-02-07T18:30:00Z,359.907,359.907
2020-02-08T18:30:00Z,345.743,345.743
2020-02-09T18:30:00Z,573.971,573.971
2020-02-10T18:30:00Z,716.16,716.16
2020-02-11T18:30:00Z,435.727,435.727
2020-02-12T18:30:00Z,804.815,804.815
2020-02-13T18:30:00Z,707.074,707.074
2020-02-14T18:30:00Z,444.565,444.565
2020-02-15T18:30:00Z,187.711,187.711
2020-02-16T18:30:00Z,385.329,385.329
2020-02-17T18:30:00Z,657.675,657.675
2020-02-18T18:30:00Z,497.938,497.938
2020-02-19T18:30:00Z,824.159,824.159
2020-02-20T18:30:00Z,866.426,866.426
2020-02-21T18:30:00Z,237.319,237.319
2020-02-22T18:30:00Z,593.612,593.612
2020-02-23T18:30:00Z,710.744,710.744
2020-02-24T18:30:00Z,665.899,665.899
2020-02-25T18:30:00Z,920.598,920.598
2020-02-26T18:30:00Z,641.777,641.777
2020-02-27T18:30:00Z,601.914,601.914
2020-02-28T18:30:00Z,332.825,332.825
2020-02-29T18:30:00Z,313.183,313.183
2020-03-01T18:30:00Z,710.178,710.178
2020-03-02T18:30:00Z,625.65,625.65
2020-03-03T18:30:00Z,672.832,672.832
2020-03-04T18:30:00Z,601.023,601.023
2020-03-05T18:30:00Z,633.387,633.387
2020-03-06T18:30:00Z,579.41,579.41
2020-03-07T18:30:00Z,432.88,432.88
2020-03-08T18:30:00Z,988.567,988.567
2020-03-09T18:30:00Z,587.125,587.125
2020-03-10T18:30:00Z,559.587,559.587
2020-03-11T18:30:00Z,836.9,836.9
2020-03-12T18:30:00Z,762.2719999999999,762.2719999999999
2020-03-13T18:30:00Z,354.749,354.749
2020-03-14T18:30:00Z,243.612,243.612
2020-03-15T18:30:00Z,543.105,543.105
2020-03-16T18:30:00Z,279.947,279.947
2020-03-17T18:30:00Z,290.17699999999996,290.17699999999996
2020-03-18T18:30:00Z,98.64099999999999,98.64099999999999
2020-03-19T18:30:00Z,480.23,480.23
2020-03-20T18:30:00Z,104.06400000000001,104.06400000000001
2020-03-21T18:30:00Z,83.31,83.31
2020-03-22T18:30:00Z,274.923,274.923
2020-03-23T18:30:00Z,238.102,238.102
2020-03-24T18:30:00Z,155.885,155.885
2020-03-25T18:30:00Z,106.238,106.238
2020-03-26T18:30:00Z,48.677,48.677
2020-03-27T18:30:00Z,304.88,304.88
2020-03-28T18:30:00Z,86.988,86.988
2020-03-29T18:30:00Z,122.348,122.348
2020-03-30T18:30:00Z,185.85,185.85
2020-03-31T18:30:00Z,25.001,25.001
2020-04-01T18:30:00Z,288.04499999999996,288.04499999999996
2020-04-02T18:30:00Z,156.17,156.17
2020-04-03T18:30:00Z,70.239,70.239
2020-04-04T18:30:00Z,41.125,41.125
2020-04-05T18:30:00Z,186.747,186.747
2020-04-06T18:30:00Z,181.607,181.607
2020-04-07T18:30:00Z,148.614,148.614
2020-04-08T18:30:00Z,192.889,192.889
2020-04-09T18:30:00Z,91.435,91.435
2020-04-10T18:30:00Z,150.409,150.409
2020-04-11T18:30:00Z,97.283,97.283
2020-04-12T18:30:00Z,309.855,309.855
2020-04-13T18:30:00Z,160.048,160.048
2020-04-14T18:30:00Z,127.373,127.373
2020-04-15T18:30:00Z,89.758,89.758
2020-04-16T18:30:00Z,91.597,91.597
2020-04-17T18:30:00Z,218.581,218.581
2020-04-18T18:30:00Z,153.01,153.01
2020-04-19T18:30:00Z,203.076,203.076
2020-04-20T18:30:00Z,308.937,308.937
2020-04-21T18:30:00Z,313.529,313.529
2020-04-22T18:30:00Z,200.92,200.92
2020-04-23T18:30:00Z,277.339,277.339
2020-04-24T18:30:00Z,112.131,112.131
2020-04-25T18:30:00Z,79.45400000000001,79.45400000000001
2020-04-26T18:30:00Z,381.067,381.067
2020-04-27T18:30:00Z,114.961,114.961
2020-04-28T18:30:00Z,175.313,175.313
2020-04-29T18:30:00Z,308.745,308.745
2020-04-30T18:30:00Z,86.299,86.299
2020-05-01T18:30:00Z,148.147,148.147
2020-05-02T18:30:00Z,41.706,41.706
2020-05-03T18:30:00Z,387.211,387.211
2020-05-04T18:30:00Z,276.275,276.275
2020-05-05T18:30:00Z,122.13,122.13
2020-05-06T18:30:00Z,204.806,204.806
2020-05-07T18:30:00Z,197.287,197.287
2020-05-08T18:30:00Z,210.59,210.59
2020-05-09T18:30:00Z,255.392,255.392
2020-05-10T18:30:00Z,463.905,463.905
2020-05-11T18:30:00Z,225.833,225.833
2020-05-12T18:30:00Z,241.63400000000001,241.63400000000001
2020-05-13T18:30:00Z,286.557,286.557
2020-05-14T18:30:00Z,184.364,184.364
2020-05-15T18:30:00Z,247.821,247.821
2020-05-16T18:30:00Z,192.26600000000002,192.26600000000002
2020-05-17T18:30:00Z,237.305,237.305
2020-05-18T18:30:00Z,160.86,160.86
2020-05-19T18:30:00Z,195.292,195.292
2020-05-20T18:30:00Z,397.495,397.495
2020-05-21T18:30:00Z,385.879,385.879
2020-05-22T18:30:00Z,345.641,345.641
2020-05-23T18:30:00Z,225.192,225.192
2020-05-24T18:30:00Z,204.921,204.921
2020-05-25T18:30:00Z,204.564,204.564
2020-05-26T18:30:00Z,266.876,266.876
2020-05-27T18:30:00Z,356.259,356.259
2020-05-28T18:30:00Z,249.682,249.682
2020-05-29T18:30:00Z,424.09000000000003,424.09000000000003
2020-05-30T18:30:00Z,244.268,244.268
2020-05-31T18:30:00Z,335.12100000000004,335.12100000000004
2020-06-01T18:30:00Z,369.577,369.577
2020-06-02T18:30:00Z,178.823,178.823
2020-06-03T18:30:00Z,356.86,356.86
2020-06-04T18:30:00Z,242.334,242.334
2020-06-05T18:30:00Z,460.507,460.507
2020-06-06T18:30:00Z,321.895,321.895
2020-06-07T18:30:00Z,367.2,367.2
2020-06-08T18:30:00Z,271.253,271.253
2020-06-09T18:30:00Z,432.175,432.175
2020-06-10T18:30:00Z,369.719,369.719
2020-06-11T18:30:00Z,427.182,427.182
2020-06-12T18:30:00Z,336.46,336.46
2020-06-13T18:30:00Z,338.051,338.051
2020-06-14T18:30:00Z,588.341,588.341
2020-06-15T18:30:00Z,272.125,272.125
2020-06-16T18:30:00Z,434.26,434.26
2020-06-17T18:30:00Z,342.021,342.021
2020-06-18T18:30:00Z,325.647,325.647
2020-06-19T18:30:00Z,248.376,248.376
2020-06-20T18:30:00Z,544.324,544.324
2020-06-21T18:30:00Z,516.827,516.827
2020-06-22T18:30:00Z,404.79200000000003,404.79200000000003
2020-06-23T18:30:00Z,436.826,436.826
2020-06-24T18:30:00Z,476.339,476.339
2020-06-25T18:30:00Z,378.861,378.861
2020-06-26T18:30:00Z,264.78,264.78
2020-06-27T18:30:00Z,164.20499999999998,164.20499999999998
2020-06-28T18:30:00Z,427.142,427.142
2020-06-29T18:30:00Z,438.155,438.155
2020-06-30T18:30:00Z,285.67,285.67
2020-07-01T18:30:00Z,408.635,408.635
2020-07-02T18:30:00Z,326.662,326.662
2020-07-03T18:30:00Z,166.679,166.679
2020-07-04T18:30:00Z,323.38100000000003,323.38100000000003
2020-07-05T18:30:00Z,218.071,218.071
2020-07-06T18:30:00Z,194.317,194.317
2020-07-07T18:30:00Z,336.816,336.816
2020-07-08T18:30:00Z,245.825,245.825
2020-07-09T18:30:00Z,335.958,335.958
2020-07-10T18:30:00Z,391.924,391.924
2020-07-11T18:30:00Z,135.219,135.219
2020-07-12T18:30:00Z,274.042,274.042
2020-07-13T18:30:00Z,281.326,281.326
2020-07-14T18:30:00Z,277.665,277.665
2020-07-15T18:30:00Z,286.032,286.032
2020-07-16T18:30:00Z,294.659,294.659
2020-07-17T18:30:00Z,156.058,156.058
2020-07-18T18:30:00Z,395.788,395.788
2020-07-19T18:30:00Z,124.332,124.332
2020-07-20T18:30:00Z,212.56300000000002,212.56300000000002
2020-07-21T18:30:00Z,366.534,366.534
2020-07-22T18:30:00Z,296.062,296.062
2020-07-23T18:30:00Z,274.237,274.237
2020-07-24T18:30:00Z,380.006,380.006
2020-07-25T18:30:00Z,244.90800000000002,244.90800000000002
2020-07-26T18:30:00Z,431.774,431.774
2020-07-27T18:30:00Z,487.569,487.569
2020-07-28T18:30:00Z,353.742,353.742
2020-07-29T18:30:00Z,307.158,307.158
2020-07-30T18:30:00Z,615.551,615.551
2020-07-31T18:30:00Z,625.996,625.996
2020-08-01T18:30:00Z,149.148,149.148
2020-08-02T18:30:00Z,177.662,177.662
2020-08-03T18:30:00Z,412.369,412.369
2020-08-04T18:30:00Z,541.884,541.884
2020-08-05T18:30:00Z,374.06,374.06
2020-08-06T18:30:00Z,339.51,339.51
2020-08-07T18:30:00Z,291.531,291.531
2020-08-08T18:30:00Z,464.747,464.747
2020-08-09T18:30:00Z,281.442,281.442
2020-08-10T18:30:00Z,376.47499999999997,376.47499999999997
2020-08-11T18:30:00Z,318.055,318.055
2020-08-12T18:30:00Z,366.875,366.875
2020-08-13T18:30:00Z,342.798,342.798
2020-08-14T18:30:00Z,303.587,303.587
2020-08-15T18:30:00Z,504.679,504.679
2020-08-16T18:30:00Z,231.54,231.54
2020-08-17T18:30:00Z,362.566,362.566
2020-08-18T18:30:00Z,395.454,395.454
2020-08-19T18:30:00Z,254.28300000000002,254.28300000000002
2020-08-20T18:30:00Z,468.213,468.213
2020-08-21T18:30:00Z,315.892,315.892
2020-08-22T18:30:00Z,291.674,291.674
2020-08-23T18:30:00Z,569.94,569.94
2020-08-24T18:30:00Z,332.824,332.824
2020-08-25T18:30:00Z,401.745,401.745
2020-08-26T18:30:00Z,487.943,487.943
2020-08-27T18:30:00Z,453.51800000000003,453.51800000000003
2020-08-28T18:30:00Z,368.079,368.079
2020-08-29T18:30:00Z,256.808,256.808
2020-08-30T18:30:00Z,553.967,553.967
2020-08-31T18:30:00Z,455.078,455.078
2020-09-01T18:30:00Z,485.133,485.133
2020-09-02T18:30:00Z,334.691,334.691
2020-09-03T18:30:00Z,481.017,481.017
2020-09-04T18:30:00Z,510.515,510.515
2020-09-05T18:30:00Z,321.567,321.567
2020-09-06T18:30:00Z,399.139,399.139
2020-09-07T18:30:00Z,299.954,299.954
2020-09-08T18:30:00Z,347.637,347.637
2020-09-09T18:30:00Z,434.127,434.127
2020-09-10T18:30:00Z,273.538,273.538
2020-09-11T18:30:00Z,444.28000000000003,444.28000000000003
2020-09-12T18:30:00Z,313.12,313.12
2020-09-13T18:30:00Z,359.199,359.199
2020-09-14T18:30:00Z,306.493,306.493
2020-09-15T18:30:00Z,467.962,467.962
2020-09-16T18:30:00Z,483.16700000000003,483.16700000000003
2020-09-17T18:30:00Z,369.896,369.896
2020-09-18T18:30:00Z,321.771,321.771
2020-09-19T18:30:00Z,267.589,267.589
2020-09-20T18:30:00Z,537.128,537.128
2020-09-21T18:30:00Z,291.618,291.618
2020-09-22T18:30:00Z,492.305,492.305
2020-09-23T18:30:00Z,497.469,497.469
2020-09-24T18:30:00Z,309.766,309.766
2020-09-25T18:30:00Z,499.324,499.324
2020-09-26T18:30:00Z,421.79699999999997,421.79699999999997
2020-09-27T18:30:00Z,601.903,601.903
2020-09-28T18:30:00Z,474.803,474.803
2020-09-29T18:30:00Z,500.682,500.682
2020-09-30T18:30:00Z,698.008,698.008
2020-10-01T18:30:00Z,490.939,490.939
2020-10-02T18:30:00Z,276.973,276.973
2020-10-03T18:30:00Z,410.739,410.739
2020-10-04T18:30:00Z,663.0260000000001,663.0260000000001
2020-10-05T18:30:00Z,557.904,557.904
2020-10-06T18:30:00Z,540.181,540.181
2020-10-07T18:30:00Z,354.533,354.533
2020-10-08T18:30:00Z,439.646,439.646
2020-10-09T18:30:00Z,526.46,526.46
2020-10-10T18:30:00Z,368.883,368.883
2020-10-11T18:30:00Z,441.656,441.656
2020-10-12T18:30:00Z,302.78499999999997,302.78499999999997
2020-10-13T18:30:00Z,740.6800000000001,740.6800000000001
2020-10-14T18:30:00Z,541.825,541.825
2020-10-15T18:30:00Z,608.632,608.632
2020-10-16T18:30:00Z,666.873,666.873
2020-10-17T18:30:00Z,423.926,423.926
2020-10-18T18:30:00Z,360.568,360.568
2020-10-19T18:30:00Z,430.591,430.591
2020-10-20T18:30:00Z,556.657,556.657
2020-10-21T18:30:00Z,390.458,390.458
2020-10-22T18:30:00Z,611.949,611.949
2020-10-23T18:30:00Z,517.425,517.425
2020-10-24T18:30:00Z,692.095,692.095
2020-10-25T18:30:00Z,717.577,717.577
2020-10-26T18:30:00Z,775.077,775.077
2020-10-27T18:30:00Z,515.777,515.777
2020-10-28T18:30:00Z,471.167,471.167
2020-10-29T18:30:00Z,632.821,632.821
2020-10-30T18:30:00Z,581.559,581.559
2020-10-31T18:30:00Z,541.139,541.139
2020-11-01T18:30:00Z,491.538,491.538
2020-11-02T18:30:00Z,478.215,478.215
2020-11-03T18:30:00Z,496.355,496.355
2020-11-04T18:30:00Z,827.343,827.343
2020-11-05T18:30:00Z,430.62399999999997,430.62399999999997
2020-11-06T18:30:00Z,497.214,497.214
2020-11-07T18:30:00Z,417.343,417.343
2020-11-08T18:30:00Z,294.549,294.549
2020-11-09T18:30:00Z,583.355,583.355
2020-11-10T18:30:00Z,453.144,453.144
2020-11-11T18:30:00Z,582.795,582.795
2020-11-12T18:30:00Z,544.403,544.403
2020-11-13T18:30:00Z,662.445,662.445
2020-11-14T18:30:00Z,763.098,763.098
2020-11-15T18:30:00Z,456.341,456.341
2020-11-16T18:30:00Z,467.35699999999997,467.35699999999997
2020-11-17T18:30:00Z,540.951,540.951
2020-11-18T18:30:00Z,605.555,605.555
2020-11-19T18:30:00Z,705.787,705.787
2020-11-20T18:30:00Z,330.57,330.57
2020-11-21T18:30:00Z,377.392,377.392
2020-11-22T18:30:00Z,517.8100000000001,517.8100000000001
2020-11-23T18:30:00Z,805.243,805.243
2020-11-24T18:30:00Z,620.161,620.161
2020-11-25T18:30:00Z,502.404,502.404
2020-11-26T18:30:00Z,427.536,427.536
2020-11-27T18:30:00Z,458.82,458.82
2020-11-28T18:30:00Z,468.209,468.209
2020-11-29T18:30:00Z,467.338,467.338
2020-11-30T18:30:00Z,607.118,607.118
2020-12-01T18:30:00Z,571.216,571.216
2020-12-02T18:30:00Z,533.053,533.053
2020-12-03T18:30:00Z,766.226,766.226
2020-12-04T18:30:00Z,493.268,493.268
2020-12-05T18:30:00Z,577.034,577.034
2020-12-06T18:30:00Z,538.076,538.076
2020-12-07T18:30:00Z,578.776,578.776
2020-12-08T18:30:00Z,791.762,791.762
2020-12-09T18:30:00Z,506.358,506.358
2020-12-10T18:30:00Z,449.233,449.233
2020-12-11T18:30:00Z,682.99,682.99
2020-12-12T18:30:00Z,395.723,395.723
2020-12-13T18:30:00Z,671.684,671.684
2020-12-14T18:30:00Z,381.882,381.882
2020-12-15T18:30:00Z,487.296,487.296
2020-12-16T18:30:00Z,767.27,767.27
2020-12-17T18:30:00Z,756.439,756.439
2020-12-18T18:30:00Z,735.852,735.852
2020-12-19T18:30:00Z,475.996,475.996
2020-12-20T18:30:00Z,816.758,816.758
2020-12-21T18:30:00Z,348.025,348.025
2020-12-22T18:30:00Z,420.32,420.32
2020-12-23T18:30:00Z,694.8439999999999,694.8439999999999
2020-12-24T18:30:00Z,640.854,640.854
2020-12-25T18:30:00Z,402.348,402.348
2020-12-26T18:30:00Z,466.898,466.898
2020-12-27T18:30:00Z,788.171,788.171
2020-12-28T18:30:00Z,599.111,599.111
2020-12-29T18:30:00Z,719.818,719.818
2020-12-30T18:30:00Z,670.103,670.103
2020-12-31T18:30:00Z,496.271,496.271
2021-01-01T18:30:00Z,490.31600000000003,490.31600000000003
2021-01-02T18:30:00Z,692.788,692.788
2021-01-03T18:30:00Z,865.132,865.132
2021-01-04T18:30:00Z,840.222,840.222
2021-01-05T18:30:00Z,820.029,820.029
2021-01-06T18:30:00Z,554.013,554.013
2021-01-07T18:30:00Z,782.823,782.823
2021-01-08T18:30:00Z,601.865,601.865
2021-01-09T18:30:00Z,593.426,593.426
2021-01-10T18:30:00Z,667.153,667.153
2021-01-11T18:30:00Z,854.217,854.217
2021-01-12T18:30:00Z,561.007,561.007
2021-01-13T18:30:00Z,618.627,618.627
2021-01-14T18:30:00Z,940.545,940.545
2021-01-15T18:30:00Z,931.418,931.418
2021-01-16T18:30:00Z,604.9449999999999,604.9449999999999
2021-01-17T18:30:00Z,492.278,492.278
2021-01-18T18:30:00Z,773.974,773.974
2021-01-19T18:30:00Z,673.398,673.398
2021-01-20T18:30:00Z,691.201,691.201
2021-01-21T18:30:00Z,1104.924,1104.924
2021-01-22T18:30:00Z,904.106,904.106
2021-01-23T18:30:00Z,386.802,386.802
2021-01-24T18:30:00Z,956.816,956.816
2021-01-25T18:30:00Z,662.1,662.1
2021-01-26T18:30:00Z,906.769,906.769
2021-01-27T18:30:00Z,858.596,858.596
2021-01-28T18:30:00Z,1062.394,1062.394
2021-01-29T18:30:00Z,665.192,665.192
2021-01-30T18:30:00Z,645.89,645.89
2021-01-31T18:30:00Z,1000.251,1000.251
2021-02-01T18:30:00Z,629.086,629.086
2021-02-02T18:30:00Z,922.429,922.429
2021-02-03T18:30:00Z,932.642,932.642
2021-02-04T18:30:00Z,1325.351,1325.351
2021-02-05T18:30:00Z,1101.436,1101.436
2021-02-06T18:30:00Z,691.345,691.345
2021-02-07T18:30:00Z,998.557,998.557
2021-02-08T18:30:00Z,594.5,594.5
2021-02-09T18:30:00Z,715.964,715.964
2021-02-10T18:30:00Z,712.098,712.098
2021-02-11T18:30:00Z,1236.975,1236.975
2021-02-12T18:30:00Z,817.817,817.817
2021-02-13T18:30:00Z,990.934,990.934
2021-02-14T18:30:00Z,745.571,745.571
2021-02-15T18:30:00Z,772.983,772.983
2021-02-16T18:30:00Z,917.968,917.968
2021-02-17T18:30:00Z,1378.918,1378.918
2021-02-18T18:30:00Z,901.613,901.613
2021-02-19T18:30:00Z,853.737,853.737
2021-02-20T18:30:00Z,512.274,512.274
2021-02-21T18:30:00Z,925.93,925.93
2021-02-22T18:30:00Z,901.676,901.676
2021-02-23T18:30:00Z,629.771,629.771
2021-02-24T18:30:00Z,738.488,738.488
2021-02-25T18:30:00Z,822.411,822.411
2021-02-26T18:30:00Z,646.124,646.124
2021-02-27T18:30:00Z,881.218,881.218
2021-02-28T18:30:00Z,923.057,923.057
2021-03-01T18:30:00Z,798.246,798.246
2021-03-02T18:30:00Z,1015.51,1015.51
2021-03-03T18:30:00Z,1175.175,1175.175
2021-03-04T18:30:00Z,750.704,750.704
2021-03-05T18:30:00Z,676.925,676.925
2021-03-06T18:30:00Z,728.794,728.794
2021-03-07T18:30:00Z,1453.791,1453.791
2021-03-08T18:30:00Z,1041.305,1041.305
2021-03-09T18:30:00Z,1059.044,1059.044
2021-03-10T18:30:00Z,1130.839,1130.839
2021-03-11T18:30:00Z,1028.176,1028.176
2021-03-12T18:30:00Z,775.365,775.365
2021-03-13T18:30:00Z,1240.358,1240.358
2021-03-14T18:30:00Z,1130.765,1130.765
2021-03-15T18:30:00Z,807.897,807.897
2021-03-16T18:30:00Z,1062.078,1062.078
2021-03-17T18:30:00Z,953.671,953.671
2021-03-18T18:30:00Z,1184.013,1184.013
2021-03-19T18:30:00Z,750.227,750.227
2021-03-20T18:30:00Z,980.588,980.588
2021-03-21T18:30:00Z,1146.835,1146.835
2021-03-22T18:30:00Z,1073.684,1073.684
2021-03-23T18:30:00Z,999.589,999.589
2021-03-24T18:30:00Z,905.562,905.562
2021-03-25T18:30:00Z,1233.894,1233.894
2021-03-26T18:30:00Z,1276.349,1276.349
2021-03-27T18:30:00Z,996.237,996.237
2021-03-28T18:30:00Z,1201.594,1201.594
2021-03-29T18:30:00Z,1090.522,1090.522
2021-03-30T18:30:00Z,1275.348,1275.348
2021-03-31T18:30:00Z,1171.983,1171.983
2021-04-01T18:30:00Z,1043.226,1043.226
2021-04-02T18:30:00Z,963.182,963.182
2021-04-03T18:30:00Z,738.129,738.129
2021-04-04T18:30:00Z,1369.301,1369.301
2021-04-05T18:30:00Z,1419.791,1419.791
2021-04-06T18:30:00Z,947.0939999999999,947.0939999999999
2021-04-07T18:30:00Z,1229.292,1229.292
2021-04-08T18:30:00Z,967.2429999999999,967.2429999999999
2021-04-09T18:30:00Z,851.292,851.292
2021-04-10T18:30:00Z,1063.242,1063.242
2021-04-11T18:30:00Z,1590.025,1590.025
2021-04-12T18:30:00Z,1002.842,1002.842
2021-04-13T18:30:00Z,1225.53,1225.53
2021-04-14T18:30:00Z,1133.509,1133.509
2021-04-15T18:30:00Z,1152.829,1152.829
2021-04-16T18:30:00Z,1092.479,1092.479
2021-04-17T18:30:00Z,1067.707,1067.707
2021-04-18T18:30:00Z,1627.765,1627.765
2021-04-19T18:30:00Z,1025.77,1025.77
2021-04-20T18:30:00Z,1562.609,1562.609
2021-04-21T18:30:00Z,1237.0339999999999,1237.0339999999999
2021-04-22T18:30:00Z,1349.371,1349.371
2021-04-23T18:30:00Z,858.759,858.759
2021-04-24T18:30:00Z,633.961,633.961
2021-04-25T18:30:00Z,1489.018,1489.018
2021-04-26T18:30:00Z,1320.798,1320.798
2021-04-27T18:30:00Z,1096.787,1096.787
2021-04-28T18:30:00Z,1485.55,1485.55
2021-04-29T18:30:00Z,1378.568,1378.568
2021-04-30T18:30:00Z,1050.855,1050.855
2021-05-01T18:30:00Z,1223.579,1223.579
2021-05-02T18:30:00Z,1468.777,1468.777
2021-05-03T18:30:00Z,1664.3,1664.3
2021-05-04T18:30:00Z,1251.1490000000001,1251.1490000000001
2021-05-05T18:30:00Z,1685.311,1685.311
2021-05-06T18:30:00Z,1665.297,1665.297
2021-05-07T18:30:00Z,1178.595,1178.595
2021-05-08T18:30:00Z,859.467,859.467
2021-05-09T18:30:00Z,1233.147,1233.147
2021-05-10T18:30:00Z,1054.179,1054.179
2021-05-11T18:30:00Z,1314.5529999999999,1314.5529999999999
2021-05-12T18:30:00Z,1309.275,1309.275
2021-05-13T18:30:00Z,1418.297,1418.297
2021-05-14T18:30:00Z,1124.203,1124.203
2021-05-15T18:30:00Z,919.739,919.739
2021-05-16T18:30:00Z,967.095,967.095
2021-05-17T18:30:00Z,1707.142,1707.142
2021-05-18T18:30:00Z,1141.941,1141.941
2021-05-19T18:30:00Z,1397.294,1397.294
2021-05-20T18:30:00Z,1363.593,1363.593
2021-05-21T18:30:00Z,1313.503,1313.503
2021-05-22T18:30:00Z,865.481,865.481
2021-05-23T18:30:00Z,1287.638,1287.638
2021-05-24T18:30:00Z,1297.456,1297.456
2021-05-25T18:30:00Z,1504.744,1504.744
2021-05-26T18:30:00Z,1451.95,1451.95
2021-05-27T18:30:00Z,1212.566,1212.566
2021-05-28T18:30:00Z,1114.886,1114.886
2021-05-29T18:30:00Z,1038.907,1038.907
2021-05-30T18:30:00Z,676.933,676.933
2021-05-31T18:30:00Z,1409.647,1409.647
2021-06-01T18:30:00Z,1053.7549999999999,1053.7549999999999
2021-06-02T18:30:00Z,1360.097,1360.097
2021-06-03T18:30:00Z,1244.378,1244.378
2021-06-04T18:30:00Z,1171.538,1171.538
2021-06-05T18:30:00Z,1069.172,1069.172
2021-06-06T18:30:00Z,1443.057,1443.057
2021-06-07T18:30:00Z,1563.76,1563.76
2021-06-08T18:30:00Z,989.075,989.075
2021-06-09T18:30:00Z,1398.864,1398.864
2021-06-10T18:30:00Z,1138.044,1138.044
2021-06-11T18:30:00Z,1174.356,1174.356
2021-06-12T18:30:00Z,809.548,809.548
2021-06-13T18:30:00Z,1373.36,1373.36
2021-06-14T18:30:00Z,935.003,935.003
2021-06-15T18:30:00Z,1190.519,1190.519
2021-06-16T18:30:00Z,1262.152,1262.152
2021-06-17T18:30:00Z,1871.354,1871.354
2021-06-18T18:30:00Z,1251.401,1251.401
2021-06-19T18:30:00Z,994.378,994.378
2021-06-20T18:30:00Z,1215.944,1215.944
2021-06-21T18:30:00Z,1262.918,1262.918
2021-06-22T18:30:00Z,1686.221,1686.221
2021-06-23T18:30:00Z,1451.72,1451.72
2021-06-24T18:30:00Z,1781.135,1781.135
2021-06-25T18:30:00Z,866.256,866.256
2021-06-26T18:30:00Z,1076.679,1076.679
2021-06-27T18:30:00Z,1374.348,1374.348
2021-06-28T18:30:00Z,1146.717,1146.717
2021-06-29T18:30:00Z,1214.719,1214.719
2021-06-30T18:30:00Z,1175.881,1175.881
2021-07-01T18:30:00Z,1428.3990000000001,1428.3990000000001
2021-07-02T18:30:00Z,1113.664,1113.664
2021-07-03T18:30:00Z,853.539,853.539
2021-07-04T18:30:00Z,1114.297,1114.297
2021-07-05T18:30:00Z,1377.434,1377.434
2021-07-06T18:30:00Z,984.544,984.544
2021-07-07T18:30:00Z,1283.692,1283.692
2021-07-08T18:30:00Z,1561.749,1561.749
2021-07-09T18:30:00Z,1177.66,1177.66
2021-07-10T18:30:00Z,889.601,889.601
2021-07-11T18:30:00Z,1208.6109999999999,1208.6109999999999
2021-07-12T18:30:00Z,1259.714,1259.714
2021-07-13T18:30:00Z,1231.857,1231.857
2021-07-14T18:30:00Z,1133.245,1133.245
2021-07-15T18:30:00Z,1200.663,1200.663
2021-07-16T18:30:00Z,1210.065,1210.065
2021-07-17T18:30:00Z,1193.733,1193.733
2021-07-18T18:30:00Z,1159.306,1159.306
2021-07-19T18:30:00Z,1306.321,1306.321
2021-07-20T18:30:00Z,1288.372,1288.372
2021-07-21T18:30:00Z,1388.78,1388.78
2021-07-22T18:30:00Z,1504.396,1504.396
2021-07-23T18:30:00Z,1491.92,1491.92
2021-07-24T18:30:00Z,883.399,883.399
2021-07-25T18:30:00Z,1443.662,1443.662
2021-07-26T18:30:00Z,1461.013,1461.013
2021-07-27T18:30:00Z,1521.717,1521.717
2021-07-28T18:30:00Z,1330.479,1330.479
2021-07-29T18:30:00Z,1613.363,1613.363
2021-07-30T18:30:00Z,1049.446,1049.446
2021-07-31T18:30:00Z,1389.271,1389.271
2021-08-01T18:30:00Z,1409.4180000000001,1409.4180000000001
2021-08-02T18:30:00Z,1554.324,1554.324
2021-08-03T18:30:00Z,1371.186,1371.186
2021-08-04T18:30:00Z,1549.773,1549.773
2021-08-05T18:30:00Z,1824.422,1824.422
2021-08-06T18:30:00Z,1166.337,1166.337
2021-08-07T18:30:00Z,1034.208,1034.208
2021-08-08T18:30:00Z,1394.287,1394.287
2021-08-09T18:30:00Z,1407.365,1407.365
2021-08-10T18:30:00Z,1845.952,1845.952
2021-08-11T18:30:00Z,1550.543,1550.543
2021-08-12T18:30:00Z,1593.46,1593.46
2021-08-13T18:30:00Z,1439.127,1439.127
2021-08-14T18:30:00Z,1042.378,1042.378
2021-08-15T18:30:00Z,1599.295,1599.295
2021-08-16T18:30:00Z,1721.324,1721.324
2021-08-17T18:30:00Z,1917.222,1917.222
2021-08-18T18:30:00Z,2098.331,2098.331
2021-08-19T18:30:00Z,1602.517,1602.517
2021-08-20T18:30:00Z,1347.762,1347.762
2021-08-21T18:30:00Z,2024.595,2024.595
2021-08-22T18:30:00Z,1953.769,1953.769
2021-08-23T18:30:00Z,2091.088,2091.088
2021-08-24T18:30:00Z,1444.607,1444.607
2021-08-25T18:30:00Z,2131.726,2131.726
2021-08-26T18:30:00Z,1938.644,1938.644
2021-08-27T18:30:00Z,1463.176,1463.176
2021-08-28T18:30:00Z,1540.881,1540.881
2021-08-29T18:30:00Z,1923.664,1923.664
2021-08-30T18:30:00Z,1272.859,1272.859
2021-08-31T18:30:00Z,1894.744,1894.744
2021-09-01T18:30:00Z,1578.941,1578.941
2021-09-02T18:30:00Z,1674.075,1674.075
2021-09-03T18:30:00Z,1159.735,1159.735
2021-09-04T18:30:00Z,1228.699,1228.699
2021-09-05T18:30:00Z,888.126,888.126
2021-09-06T18:30:00Z,1876.209,1876.209
2021-09-07T18:30:00Z,1499.374,1499.374
2021-09-08T18:30:00Z,1724.905,1724.905
2021-09-09T18:30:00Z,2500.497,2500.497
2021-09-10T18:30:00Z,1530.72,1530.72
2021-09-11T18:30:00Z,1463.376,1463.376
2021-09-12T18:30:00Z,1792.303,1792.303
2021-09-13T18:30:00Z,2377.7019999999998,2377.7019999999998
2021-09-14T18:30:00Z,1886.498,1886.498
2021-09-15T18:30:00Z,1566.441,1566.441
2021-09-16T18:30:00Z,2021.171,2021.171
2021-09-17T18:30:00Z,1448.357,1448.357
2021-09-18T18:30:00Z,1455.87,1455.87
2021-09-19T18:30:00Z,1606.229,1606.229
2021-09-20T18:30:00Z,1695.765,1695.765
2021-09-21T18:30:00Z,1163.755,1163.755
2021-09-22T18:30:00Z,2115.269,2115.269
2021-09-23T18:30:00Z,2351.651,2351.651
2021-09-24T18:30:00Z,1445.522,1445.522
2021-09-25T18:30:00Z,966.906,966.906
2021-09-26T18:30:00Z,1794.974,1794.974
2021-09-27T18:30:00Z,1893.542,1893.542
2021-09-28T18:30:00Z,1861.464,1861.464
2021-09-29T18:30:00Z,2243.21,2243.21
2021-09-30T18:30:00Z,1873.275,1873.275
2021-10-01T18:30:00Z,1091.157,1091.157
2021-10-02T18:30:00Z,1410.578,1410.578
2021-10-03T18:30:00Z,1629.753,1629.753
2021-10-04T18:30:00Z,2402.377,2402.377
2021-10-05T18:30:00Z,1601.773,1601.773
2021-10-06T18:30:00Z,1563.652,1563.652
2021-10-07T18:30:00Z,1657.847,1657.847
2021-10-08T18:30:00Z,1238.428,1238.428
2021-10-09T18:30:00Z,1216.268,1216.268
2021-10-10T18:30:00Z,1738.464,1738.464
2021-10-11T18:30:00Z,1761.657,1761.657
2021-10-12T18:30:00Z,1742.164,1742.164
2021-10-13T18:30:00Z,1442.941,1442.941
2021-10-14T18:30:00Z,2186.807,2186.807
2021-10-15T18:30:00Z,1512.1870000000001,1512.1870000000001
2021-10-16T18:30:00Z,1656.663,1656.663
2021-10-17T18:30:00Z,1396.419,1396.419
2021-10-18T18:30:00Z,1365.365,1365.365
2021-10-19T18:30:00Z,1311.166,1311.166
2021-10-20T18:30:00Z,1985.582,1985.582
2021-10-21T18:30:00Z,1758.357,1758.357
2021-10-22T18:30:00Z,1194.845,1194.845
2021-10-23T18:30:00Z,1381.1109999999999,1381.1109999999999
2021-10-24T18:30:00Z,1878.187,1878.187
2021-10-25T18:30:00Z,1562.733,1562.733
2021-10-26T18:30:00Z,1834.187,1834.187
2021-10-27T18:30:00Z,1863.744,1863.744
2021-10-28T18:30:00Z,1986.819,1986.819
2021-10-29T18:30:00Z,1370.038,1370.038
2021-10-30T18:30:00Z,1134.505,1134.505
2021-10-31T18:30:00Z,1633.616,1633.616
2021-11-01T18:30:00Z,1939.672,1939.672
2021-11-02T18:30:00Z,1575.398,1575.398
2021-11-03T18:30:00Z,1756.116,1756.116
2021-11-04T18:30:00Z,1785.53,1785.53
2021-11-05T18:30:00Z,1294.071,1294.071
2021-11-06T18:30:00Z,1350.079,1350.079
2021-11-07T18:30:00Z,1962.7,1962.7
2021-11-08T18:30:00Z,1907.587,1907.587
2021-11-09T18:30:00Z,1518.078,1518.078
2021-11-10T18:30:00Z,1783.651,1783.651
2021-11-11T18:30:00Z,2158.215,2158.215
2021-11-12T18:30:00Z,1295.112,1295.112
2021-11-13T18:30:00Z,1158.678,1158.678
2021-11-14T18:30:00Z,1943.027,1943.027
2021-11-15T18:30:00Z,1995.751,1995.751
2021-11-16T18:30:00Z,1781.299,1781.299
2021-11-17T18:30:00Z,2149.377,2149.377
2021-11-18T18:30:00Z,1844.817,1844.817
2021-11-19T18:30:00Z,1748.137,1748.137
2021-11-20T18:30:00Z,1519.121,1519.121
2021-11-21T18:30:00Z,1870.685,1870.685
2021-11-22T18:30:00Z,2342.348,2342.348
2021-11-23T18:30:00Z,2005.655,2005.655
2021-11-24T18:30:00Z,1389.295,1389.295
2021-11-25T18:30:00Z,1493.9279999999999,1493.9279999999999
2021-11-26T18:30:00Z,1572.598,1572.598
2021-11-27T18:30:00Z,1791.696,1791.696
2021-11-28T18:30:00Z,2174.469,2174.469
2021-11-29T18:30:00Z,1747.73,1747.73
2021-11-30T18:30:00Z,2131.284,2131.284
2021-12-01T18:30:00Z,1969.279,1969.279
2021-12-02T18:30:00Z,2173.028,2173.028
2021-12-03T18:30:00Z,1838.264,1838.264
2021-12-04T18:30:00Z,1937.515,1937.515
2021-12-05T18:30:00Z,2006.86,2006.86
2021-12-06T18:30:00Z,2039.303,2039.303
2021-12-07T18:30:00Z,1877.809,1877.809
2021-12-08T18:30:00Z,2431.334,2431.334
2021-12-09T18:30:00Z,2351.085,2351.085
2021-12-10T18:30:00Z,1713.981,1713.981
2021-12-11T18:30:00Z,1879.914,1879.914
2021-12-12T18:30:00Z,2243.36,2243.36
2021-12-13T18:30:00Z,1968.673,1968.673
2021-12-14T18:30:00Z,1984.98,1984.98
2021-12-15T18:30:00Z,2083.156,2083.156
2021-12-16T18:30:00Z,2392.58,2392.58
2021-12-17T18:30:00Z,1620.179,1620.179
2021-12-18T18:30:00Z,1645.04,1645.04
2021-12-19T18:30:00Z,1862.239,1862.239
2021-12-20T18:30:00Z,2310.255,2310.255
2021-12-21T18:30:00Z,1729.965,1729.965
2021-12-22T18:30:00Z,2326.867,2326.867
2021-12-23T18:30:00Z,1519.647,1519.647
2021-12-24T18:30:00Z,1204.2459999999999,1204.2459999999999
2021-12-25T18:30:00Z,1510.533,1510.533
2021-12-26T18:30:00Z,1644.241,1644.241
2021-12-27T18:30:00Z,1534.621,1534.621
2021-12-28T18:30:00Z,1666.623,1666.623
2021-12-29T18:30:00Z,1982.504,1982.504
2021-12-30T18:30:00Z,1799.646,1799.646
2021-12-31T18:30:00Z,1526.598,1526.598
2022-01-01T18:30:00Z,1413.093,1413.093
2022-01-02T18:30:00Z,1689.123,1689.123
2022-01-03T18:30:00Z,2292.503,2292.503
2022-01-04T18:30:00Z,1604.956,1604.956
2022-01-05T18:30:00Z,1811.403,1811.403
2022-01-06T18:30:00Z,1644.791,1644.791
2022-01-07T18:30:00Z,1643.293,1643.293
2022-01-08T18:30:00Z,1347.532,1347.532
2022-01-09T18:30:00Z,2066.363,2066.363
2022-01-10T18:30:00Z,2425.581,2425.581
2022-01-11T18:30:00Z,2041.851,2041.851
2022-01-12T18:30:00Z,1903.214,1903.214
2022-01-13T18:30:00Z,2540.851,2540.851
2022-01-14T18:30:00Z,1418.741,1418.741
2022-01-15T18:30:00Z,1669.9470000000001,1669.9470000000001
2022-01-16T18:30:00Z,1538.749,1538.749
2022-01-17T18:30:00Z,2058.022,2058.022
2022-01-18T18:30:00Z,2045.28,2045.28
2022-01-19T18:30:00Z,1637.936,1637.936
2022-01-20T18:30:00Z,2217.996,2217.996
2022-01-21T18:30:00Z,1857.692,1857.692
2022-01-22T18:30:00Z,1739.225,1739.225
2022-01-23T18:30:00Z,2673.75,2673.75
2022-01-24T18:30:00Z,2094.707,2094.707
2022-01-25T18:30:00Z,2034.622,2034.622
2022-01-26T18:30:00Z,2532.83,2532.83
2022-01-27T18:30:00Z,1903.259,1903.259
2022-01-28T18:30:00Z,1904.455,1904.455
2022-01-29T18:30:00Z,1536.335,1536.335
2022-01-30T18:30:00Z,1969.174,1969.174
2022-01-31T18:30:00Z,2117.394,2117.394
2022-02-01T18:30:00Z,1862.256,1862.256
2022-02-02T18:30:00Z,2576.505,2576.505
2022-02-03T18:30:00Z,2065.437,2065.437
2022-02-04T18:30:00Z,1908.685,1908.685
2022-02-05T18:30:00Z,1892.931,1892.931
2022-02-06T18:30:00Z,2027.735,2027.735
2022-02-07T18:30:00Z,2780.467,2780.467
2022-02-08T18:30:00Z,2296.246,2296.246
2022-02-09T18:30:00Z,2428.008,2428.008
2022-02-10T18:30:00Z,2372.784,2372.784
2022-02-11T18:30:00Z,2180.226,2180.226
2022-02-12T18:30:00Z,2212.135,2212.135
2022-02-13T18:30:00Z,2190.159,2190.159
2022-02-14T18:30:00Z,2333.134,2333.134
2022-02-15T18:30:00Z,1881.9950000000001,1881.9950000000001
2022-02-16T18:30:00Z,2550.876,2550.876
2022-02-17T18:30:00Z,2325.636,2325.636
2022-02-18T18:30:00Z,1990.409,1990.409
2022-02-19T18:30:00Z,1922.891,1922.891
2022-02-20T18:30:00Z,1967.838,1967.838
2022-02-21T18:30:00Z,2303.101,2303.101
2022-02-22T18:30:00Z,2293.387,2293.387
2022-02-23T18:30:00Z,2891.788,2891.788
2022-02-24T18:30:00Z,2421.445,2421.445
2022-02-25T18:30:00Z,1839.882,1839.882
2022-02-26T18:30:00Z,1837.586,1837.586
2022-02-27T18:30:00Z,2762.526,2762.526
2022-02-28T18:30:00Z,2309.439,2309.439
2022-03-01T18:30:00Z,2446.219,2446.219
2022-03-02T18:30:00Z,2380.043,2380.043
2022-03-03T18:30:00Z,3039.904,3039.904
2022-03-04T18:30:00Z,2251.01,2251.01
2022-03-05T18:30:00Z,1778.867,1778.867
2022-03-06T18:30:00Z,2775.472,2775.472
2022-03-07T18:30:00Z,2892.485,2892.485
2022-03-08T18:30:00Z,2846.033,2846.033
2022-03-09T18:30:00Z,2892.962,2892.962
2022-03-10T18:30:00Z,2815.233,2815.233
2022-03-11T18:30:00Z,2427.836,2427.836
2022-03-12T18:30:00Z,1913.932,1913.932
2022-03-13T18:30:00Z,2671.929,2671.929
2022-03-14T18:30:00Z,2420.526,2420.526
2022-03-15T18:30:00Z,3184.926,3184.926
2022-03-16T18:30:00Z,2835.651,2835.651
2022-03-17T18:30:00Z,2817.65,2817.65
2022-03-18T18:30:00Z,2384.7,2384.7
2022-03-19T18:30:00Z,2069.06,2069.06
2022-03-20T18:30:00Z,2685.232,2685.232
2022-03-21T18:30:00Z,2672.75,2672.75
2022-03-22T18:30:00Z,2826.384,2826.384
2022-03-23T18:30:00Z,3255.369,3255.369
2022-03-24T18:30:00Z,2664.636,2664.636
2022-03-25T18:30:00Z,1918.118,1918.118
2022-03-26T18:30:00Z,2345.919,2345.919
2022-03-27T18:30:00Z,2613.478,2613.478
2022-03-28T18:30:00Z,2883.046,2883.046
2022-03-29T18:30:00Z,2734.2019999999998,2734.2019999999998
2022-03-30T18:30:00Z,2949.284,2949.284
2022-03-31T18:30:00Z,3083.705,3083.705
2022-04-01T18:30:00Z,2515.426,2515.426
2022-04-02T18:30:00Z,1744.21,1744.21
2022-04-03T18:30:00Z,3145.651,3145.651
2022-04-04T18:30:00Z,2917.051,2917.051
2022-04-05T18:30:00Z,2945.547,2945.547
2022-04-06T18:30:00Z,3720.69,3720.69
2022-04-07T18:30:00Z,3160.724,3160.724
2022-04-08T18:30:00Z,2405.04,2405.04
2022-04-09T18:30:00Z,1573.596,1573.596
2022-04-10T18:30:00Z,2752.433,2752.433
2022-04-11T18:30:00Z,2970.871,2970.871
2022-04-12T18:30:00Z,2920.767,2920.767
2022-04-13T18:30:00Z,2977.786,2977.786
2022-04-14T18:30:00Z,2530.727,2530.727
2022-04-15T18:30:00Z,2828.797,2828.797
2022-04-16T18:30:00Z,2614.855,2614.855
2022-04-17T18:30:00Z,2853.558,2853.558
2022-04-18T18:30:00Z,2905.306,2905.306
2022-04-19T18:30:00Z,2722.583,2722.583
2022-04-20T18:30:00Z,2970.371,2970.371
2022-04-21T18:30:00Z,2862.103,2862.103
2022-04-22T18:30:00Z,2642.93,2642.93
2022-04-23T18:30:00Z,2138.579,2138.579
2022-04-24T18:30:00Z,3096.811,3096.811
2022-04-25T18:30:00Z,2849.709,2849.709
2022-04-26T18:30:00Z,2800.69,2800.69
2022-04-27T18:30:00Z,3267.968,3267.968
2022-04-28T18:30:00Z,2841.627,2841.627
2022-04-29T18:30:00Z,2291.664,2291.664
2022-04-30T18:30:00Z,1862.938,1862.938
2022-05-01T18:30:00Z,2875.039,2875.039
2022-05-02T18:30:00Z,2577.139,2577.139
2022-05-03T18:30:00Z,2864.299,2864.299
2022-05-04T18:30:00Z,3249.697,3249.697
2022-05-05T18:30:00Z,3118.701,3118.701
2022-05-06T18:30:00Z,2081.925,2081.925
2022-05-07T18:30:00Z,2590.117,2590.117
2022-05-08T18:30:00Z,2736.983,2736.983
2022-05-09T18:30:00Z,2961.479,2961.479
2022-05-10T18:30:00Z,3171.326,3171.326
2022-05-11T18:30:00Z,3027.306,3027.306
2022-05-12T18:30:00Z,3027.011,3027.011
2022-05-13T18:30:00Z,2189.322,2189.322
2022-05-14T18:30:00Z,2013.699,2013.699
2022-05-15T18:30:00Z,3093.678,3093.678
2022-05-16T18:30:00Z,2849.618,2849.618
2022-05-17T18:30:00Z,2855.111,2855.111
2022-05-18T18:30:00Z,2955.391,2955.391
2022-05-19T18:30:00Z,2650.422,2650.422
2022-05-20T18:30:00Z,2356.434,2356.434
2022-05-21T18:30:00Z,2383.612,2383.612
2022-05-22T18:30:00Z,2992.994,2992.994
2022-05-23T18:30:00Z,3152.891,3152.891
2022-05-24T18:30:00Z,2824.275,2824.275
2022-05-25T18:30:00Z,3253.578,3253.578
2022-05-26T18:30:00Z,3040.059,3040.059
2022-05-27T18:30:00Z,2731.614,2731.614
2022-05-28T18:30:00Z,2621.167,2621.167
2022-05-29T18:30:00Z,1882.071,1882.071
2022-05-30T18:30:00Z,2619.334,2619.334
2022-05-31T18:30:00Z,2665.795,2665.795
2022-06-01T18:30:00Z,3456.705,3456.705
2022-06-02T18:30:00Z,2948.749,2948.749
2022-06-03T18:30:00Z,1283.53,1283.53
2022-06-04T18:30:00Z,1704.287,1704.287
2022-06-05T18:30:00Z,3185.387,3185.387
2022-06-06T18:30:00Z,2754.882,2754.882
2022-06-07T18:30:00Z,3151.27,3151.27
2022-06-08T18:30:00Z,3243.227,3243.227
2022-06-09T18:30:00Z,3149.829,3149.829
2022-06-10T18:30:00Z,2349.933,2349.933
2022-06-11T18:30:00Z,1838.877,1838.877
2022-06-12T18:30:00Z,3202.443,3202.443
2022-06-13T18:30:00Z,3204.219,3204.219
2022-06-14T18:30:00Z,2953.063,2953.063
2022-06-15T18:30:00Z,2842.596,2842.596
2022-06-16T18:30:00Z,2753.437,2753.437
2022-06-17T18:30:00Z,2227.839,2227.839
2022-06-18T18:30:00Z,2251.207,2251.207
2022-06-19T18:30:00Z,2677.429,2677.429
2022-06-20T18:30:00Z,2885.774,2885.774
2022-06-21T18:30:00Z,3048.517,3048.517
2022-06-22T18:30:00Z,2964.255,2964.255
2022-06-23T18:30:00Z,3086.651,3086.651
2022-06-24T18:30:00Z,2545.387,2545.387
2022-06-25T18:30:00Z,2265.353,2265.353
2022-06-26T18:30:00Z,2944.441,2944.441
2022-06-27T18:30:00Z,3241.145,3241.145
2022-06-28T18:30:00Z,2825.27,2825.27
2022-06-29T18:30:00Z,2829.768,2829.768
2022-06-30T18:30:00Z,2724.607,2724.607
2022-07-01T18:30:00Z,2046.368,2046.368
2022-07-02T18:30:00Z,2288.246,2288.246
2022-07-03T18:30:00Z,1958.978,1958.978
2022-07-04T18:30:00Z,2908.65,2908.65
2022-07-05T18:30:00Z,2862.406,2862.406
2022-07-06T18:30:00Z,2622.053,2622.053
2022-07-07T18:30:00Z,2307.757,2307.757
2022-07-08T18:30:00Z,2178.983,2178.983
2022-07-09T18:30:00Z,2547.29,2547.29
2022-07-10T18:30:00Z,3345.812,3345.812
2022-07-11T18:30:00Z,2760.598,2760.598
2022-07-12T18:30:00Z,3233.585,3233.585
2022-07-13T18:30:00Z,3317.95,3317.95
2022-07-14T18:30:00Z,3019.533,3019.533
2022-07-15T18:30:00Z,2764.964,2764.964
2022-07-16T18:30:00Z,2443.595,2443.595
2022-07-17T18:30:00Z,2632.972,2632.972
2022-07-18T18:30:00Z,2797.967,2797.967
2022-07-19T18:30:00Z,3115.365,3115.365
2022-07-20T18:30:00Z,3106.61,3106.61
2022-07-21T18:30:00Z,2797.668,2797.668
2022-07-22T18:30:00Z,2463.103,2463.103
2022-07-23T18:30:00Z,2486.327,2486.327
2022-07-24T18:30:00Z,2865.906,2865.906
2022-07-25T18:30:00Z,2847.415,2847.415
2022-07-26T18:30:00Z,2871.814,2871.814
2022-07-27T18:30:00Z,2956.069,2956.069
2022-07-28T18:30:00Z,3171.5679999999998,3171.5679999999998
2022-07-29T18:30:00Z,2778.762,2778.762
2022-07-30T18:30:00Z,2566.068,2566.068
2022-07-31T18:30:00Z,3270.454,3270.454
2022-08-01T18:30:00Z,3029.321,3029.321
2022-08-02T18:30:00Z,2649.029,2649.029
2022-08-03T18:30:00Z,3477.203,3477.203
2022-08-04T18:30:00Z,3235.24,3235.24
2022-08-05T18:30:00Z,2847.007,2847.007
2022-08-06T18:30:00Z,2187.856,2187.856
2022-08-07T18:30:00Z,3680.602,3680.602
2022-08-08T18:30:00Z,3378.98,3378.98
2022-08-09T18:30:00Z,3282.982,3282.982
2022-08-10T18:30:00Z,3618.497,3618.497
2022-08-11T18:30:00Z,2603.489,2603.489
2022-08-12T18:30:00Z,2785.12,2785.12
2022-08-13T18:30:00Z,2438.445,2438.445
2022-08-14T18:30:00Z,3457.606,3457.606
2022-08-15T18:30:00Z,2907.6440000000002,2907.6440000000002
2022-08-16T18:30:00Z,3488.947,3488.947
2022-08-17T18:30:00Z,3703.349,3703.349
2022-08-18T18:30:00Z,3256.26,3256.26
2022-08-19T18:30:00Z,2568.178,2568.178
2022-08-20T18:30:00Z,2558.22,2558.22
2022-08-21T18:30:00Z,3299.491,3299.491
2022-08-22T18:30:00Z,3593.76,3593.76
2022-08-23T18:30:00Z,3140.08,3140.08
2022-08-24T18:30:00Z,3363.665,3363.665
2022-08-25T18:30:00Z,3904.173,3904.173
2022-08-26T18:30:00Z,2965.227,2965.227
2022-08-27T18:30:00Z,2614.333,2614.333
2022-08-28T18:30:00Z,3636.741,3636.741
2022-08-29T18:30:00Z,3227.726,3227.726
2022-08-30T18:30:00Z,3577.483,3577.483
2022-08-31T18:30:00Z,4161.116,4161.116
2022-09-01T18:30:00Z,3853.412,3853.412
2022-09-02T18:30:00Z,2924.683,2924.683
2022-09-03T18:30:00Z,2202.296,2202.296
2022-09-04T18:30:00Z,2094.118,2094.118
2022-09-05T18:30:00Z,3178.097,3178.097
2022-09-06T18:30:00Z,3733.618,3733.618
2022-09-07T18:30:00Z,3136.286,3136.286
2022-09-08T18:30:00Z,3850.698,3850.698
2022-09-09T18:30:00Z,2540.491,2540.491
2022-09-10T18:30:00Z,3234.113,3234.113
2022-09-11T18:30:00Z,3239.707,3239.707
2022-09-12T18:30:00Z,3691.71,3691.71
2022-09-13T18:30:00Z,3763.101,3763.101
2022-09-14T18:30:00Z,3536.604,3536.604
2022-09-15T18:30:00Z,3384.932,3384.932
2022-09-16T18:30:00Z,2531.959,2531.959
2022-09-17T18:30:00Z,2664.114,2664.114
2022-09-18T18:30:00Z,3201.555,3201.555
2022-09-19T18:30:00Z,3612.311,3612.311
2022-09-20T18:30:00Z,3698.027,3698.027
2022-09-21T18:30:00Z,3075.466,3075.466
2022-09-22T18:30:00Z,3755.1440000000002,3755.1440000000002
2022-09-23T18:30:00Z,3005.304,3005.304
2022-09-24T18:30:00Z,2843.741,2843.741
2022-09-25T18:30:00Z,2892.987,2892.987
2022-09-26T18:30:00Z,3478.4809999999998,3478.4809999999998
2022-09-27T18:30:00Z,2505.982,2505.982
2022-09-28T18:30:00Z,1993.818,1993.818
2022-09-29T18:30:00Z,2458.083,2458.083
2022-09-30T18:30:00Z,2899.057,2899.057
2022-10-01T18:30:00Z,1804.404,1804.404
2022-10-02T18:30:00Z,3767.145,3767.145
2022-10-03T18:30:00Z,3795.612,3795.612
2022-10-04T18:30:00Z,3084.344,3084.344
2022-10-05T18:30:00Z,3450.377,3450.377
2022-10-06T18:30:00Z,3939.444,3939.444
2022-10-07T18:30:00Z,2909.524,2909.524
2022-10-08T18:30:00Z,2686.645,2686.645
2022-10-09T18:30:00Z,2835.386,2835.386
2022-10-10T18:30:00Z,2860.166,2860.166
2022-10-11T18:30:00Z,3330.532,3330.532
2022-10-12T18:30:00Z,3515.937,3515.937
2022-10-13T18:30:00Z,3534.177,3534.177
2022-10-14T18:30:00Z,2674.77,2674.77
2022-10-15T18:30:00Z,2292.891,2292.891
2022-10-16T18:30:00Z,3075.093,3075.093
2022-10-17T18:30:00Z,3506.169,3506.169
2022-10-18T18:30:00Z,3438.747,3438.747
2022-10-19T18:30:00Z,3131.439,3131.439
2022-10-20T18:30:00Z,3238.148,3238.148
2022-10-21T18:30:00Z,2378.419,2378.419
2022-10-22T18:30:00Z,3096.167,3096.167
2022-10-23T18:30:00Z,3632.792,3632.792
2022-10-24T18:30:00Z,3413.446,3413.446
2022-10-25T18:30:00Z,4109.7880000000005,4109.7880000000005
2022-10-26T18:30:00Z,3667.775,3667.775
2022-10-27T18:30:00Z,3642.373,3642.373
2022-10-28T18:30:00Z,2872.316,2872.316
2022-10-29T18:30:00Z,2700.171,2700.171
2022-10-30T18:30:00Z,3693.94,3693.94
2022-10-31T18:30:00Z,3324.652,3324.652
2022-11-01T18:30:00Z,3785.706,3785.706
2022-11-02T18:30:00Z,4373.611,4373.611
2022-11-03T18:30:00Z,3548.014,3548.014
2022-11-04T18:30:00Z,2458.701,2458.701
2022-11-05T18:30:00Z,2322.615,2322.615
2022-11-06T18:30:00Z,3274.935,3274.935
2022-11-07T18:30:00Z,4045.121,4045.121
2022-11-08T18:30:00Z,3320.082,3320.082
2022-11-09T18:30:00Z,2645.261,2645.261
2022-11-10T18:30:00Z,3151.306,3151.306
2022-11-11T18:30:00Z,2184.135,2184.135
2022-11-12T18:30:00Z,2673.716,2673.716
2022-11-13T18:30:00Z,3744.091,3744.091
2022-11-14T18:30:00Z,3704.117,3704.117
2022-11-15T18:30:00Z,3896.275,3896.275
2022-11-16T18:30:00Z,3659.631,3659.631
2022-11-17T18:30:00Z,3468.495,3468.495
2022-11-18T18:30:00Z,2649.67,2649.67
2022-11-19T18:30:00Z,2681.61,2681.61
2022-11-20T18:30:00Z,2505.344,2505.344
2022-11-21T18:30:00Z,3047.663,3047.663
2022-11-22T18:30:00Z,2913.822,2913.822
2022-11-23T18:30:00Z,2510.232,2510.232
2022-11-24T18:30:00Z,2702.822,2702.822
2022-11-25T18:30:00Z,2046.454,2046.454
2022-11-26T18:30:00Z,2250.833,2250.833
2022-11-27T18:30:00Z,2955.805,2955.805
2022-11-28T18:30:00Z,3693.004,3693.004
2022-11-29T18:30:00Z,3760.562,3760.562
2022-11-30T18:30:00Z,3707.359,3707.359
2022-12-01T18:30:00Z,3368.572,3368.572
2022-12-02T18:30:00Z,2571.75,2571.75
2022-12-03T18:30:00Z,2788.804,2788.804
2022-12-04T18:30:00Z,3575.191,3575.191
2022-12-05T18:30:00Z,3433.408,3433.408
2022-12-06T18:30:00Z,3654.195,3654.195
2022-12-07T18:30:00Z,3805.411,3805.411
2022-12-08T18:30:00Z,3951.008,3951.008
2022-12-09T18:30:00Z,3228.562,3228.562
2022-12-10T18:30:00Z,3154.609,3154.609
2022-12-11T18:30:00Z,3533.301,3533.301
2022-12-12T18:30:00Z,2981.184,2981.184
2022-12-13T18:30:00Z,3446.737,3446.737
2022-12-14T18:30:00Z,3510.82,3510.82
2022-12-15T18:30:00Z,3363.494,3363.494
2022-12-16T18:30:00Z,2698.2980000000002,2698.2980000000002
2022-12-17T18:30:00Z,2526.472,2526.472
2022-12-18T18:30:00Z,3660.398,3660.398
2022-12-19T18:30:00Z,3594.818,3594.818
2022-12-20T18:30:00Z,3170.838,3170.838
2022-12-21T18:30:00Z,2698.231,2698.231
2022-12-22T18:30:00Z,2547.502,2547.502
2022-12-23T18:30:00Z,2807.112,2807.112
2022-12-24T18:30:00Z,2951.124,2951.124
2022-12-25T18:30:00Z,2188.419,2188.419
2022-12-26T18:30:00Z,2998.034,2998.034
2022-12-27T18:30:00Z,2646.9519999999998,2646.9519999999998
2022-12-28T18:30:00Z,2464.248,2464.248
2022-12-29T18:30:00Z,2300.215,2300.215
2022-12-30T18:30:00Z,2592.233,2592.233
2022-12-31T18:30:00Z,2254.403,2254.403
2023-01-01T18:30:00Z,2623.258,2623.258
2023-01-02T18:30:00Z,3020.449,3020.449
2023-01-03T18:30:00Z,3697.767,3697.767
2023-01-04T18:30:00Z,3247.07,3247.07
2023-01-05T18:30:00Z,3425.319,3425.319
2023-01-06T18:30:00Z,3018.005,3018.005
2023-01-07T18:30:00Z,2502.793,2502.793
2023-01-08T18:30:00Z,3434.689,3434.689
2023-01-09T18:30:00Z,3609.421,3609.421
2023-01-10T18:30:00Z,3368.437,3368.437
2023-01-11T18:30:00Z,3362.187,3362.187
2023-01-12T18:30:00Z,3343.839,3343.839
2023-01-13T18:30:00Z,2412.123,2412.123
2023-01-14T18:30:00Z,2510.661,2510.661
2023-01-15T18:30:00Z,3316.136,3316.136
2023-01-16T18:30:00Z,3789.219,3789.219
2023-01-17T18:30:00Z,3072.359,3072.359
2023-01-18T18:30:00Z,4077.31,4077.31
2023-01-19T18:30:00Z,3565.133,3565.133
2023-01-20T18:30:00Z,2930.366,2930.366
2023-01-21T18:30:00Z,2973.505,2973.505
2023-01-22T18:30:00Z,3651.672,3651.672
2023-01-23T18:30:00Z,3243.455,3243.455
2023-01-24T18:30:00Z,3796.298,3796.298
2023-01-25T18:30:00Z,3843.128,3843.128
2023-01-26T18:30:00Z,3932.598,3932.598
2023-01-27T18:30:00Z,2601.933,2601.933
2023-01-28T18:30:00Z,3313.161,3313.161
2023-01-29T18:30:00Z,3438.063,3438.063
2023-01-30T18:30:00Z,3443.542,3443.542
2023-01-31T18:30:00Z,3214.504,3214.504
2023-02-01T18:30:00Z,3545.687,3545.687
2023-02-02T18:30:00Z,3325.386,3325.386
2023-02-03T18:30:00Z,3374.872,3374.872
2023-02-04T18:30:00Z,2869.531,2869.531
2023-02-05T18:30:00Z,3635.293,3635.293
2023-02-06T18:30:00Z,3303.967,3303.967
2023-02-07T18:30:00Z,3224.5480000000002,3224.5480000000002
2023-02-08T18:30:00Z,3423.928,3423.928
2023-02-09T18:30:00Z,3340.866,3340.866
2023-02-10T18:30:00Z,2511.816,2511.816
2023-02-11T18:30:00Z,2518.885,2518.885
2023-02-12T18:30:00Z,3724.052,3724.052
2023-02-13T18:30:00Z,3428.689,3428.689
2023-02-14T18:30:00Z,3721.643,3721.643
2023-02-15T18:30:00Z,3576.044,3576.044
2023-02-16T18:30:00Z,3365.513,3365.513
2023-02-17T18:30:00Z,3004.149,3004.149
2023-02-18T18:30:00Z,2499.876,2499.876
2023-02-19T18:30:00Z,3612.824,3612.824
2023-02-20T18:30:00Z,3554.024,3554.024
2023-02-21T18:30:00Z,4013.012,4013.012
2023-02-22T18:30:00Z,3970.951,3970.951
2023-02-23T18:30:00Z,3538.38,3538.38
2023-02-24T18:30:00Z,3588.732,3588.732
2023-02-25T18:30:00Z,2450.85,2450.85
2023-02-26T18:30:00Z,3870.908,3870.908
2023-02-27T18:30:00Z,3934.476,3934.476
2023-02-28T18:30:00Z,3883.075,3883.075
2023-03-01T18:30:00Z,3626.677,3626.677
2023-03-02T18:30:00Z,3979.867,3979.867
2023-03-03T18:30:00Z,2978.17,2978.17
2023-03-04T18:30:00Z,2691.86,2691.86
2023-03-05T18:30:00Z,3708.679,3708.679
2023-03-06T18:30:00Z,3831.778,3831.778
2023-03-07T18:30:00Z,3674.698,3674.698
2023-03-08T18:30:00Z,3670.088,3670.088
2023-03-09T18:30:00Z,3354.918,3354.918
2023-03-10T18:30:00Z,2791.515,2791.515
2023-03-11T18:30:00Z,2810.661,2810.661
2023-03-12T18:30:00Z,4388.467,4388.467
2023-03-13T18:30:00Z,4364.8189999999995,4364.8189999999995
2023-03-14T18:30:00Z,3894.111,3894.111
2023-03-15T18:30:00Z,3479.702,3479.702
2023-03-16T18:30:00Z,3336.232,3336.232
2023-03-17T18:30:00Z,2707.441,2707.441
2023-03-18T18:30:00Z,3229.131,3229.131
2023-03-19T18:30:00Z,3809.187,3809.187
2023-03-20T18:30:00Z,3869.494,3869.494
2023-03-21T18:30:00Z,3522.005,3522.005
2023-03-22T18:30:00Z,3581.12,3581.12
2023-03-23T18:30:00Z,3212.034,3212.034
2023-03-24T18:30:00Z,2890.382,2890.382
2023-03-25T18:30:00Z,2715.681,2715.681
2023-03-26T18:30:00Z,4164.793,4164.793
2023-03-27T18:30:00Z,3691.23,3691.23
2023-03-28T18:30:00Z,4014.5769999999998,4014.5769999999998
2023-03-29T18:30:00Z,4207.845,4207.845
2023-03-30T18:30:00Z,3432.523,3432.523
2023-03-31T18:30:00Z,3343.1549999999997,3343.1549999999997
2023-04-01T18:30:00Z,2849.448,2849.448
2023-04-02T18:30:00Z,3323.093,3323.093
2023-04-03T18:30:00Z,4326.586,4326.586
2023-04-04T18:30:00Z,4529.463,4529.463
2023-04-05T18:30:00Z,3736.504,3736.504
2023-04-06T18:30:00Z,3557.971,3557.971
2023-04-07T18:30:00Z,3446.135,3446.135
2023-04-08T18:30:00Z,2890.713,2890.713
2023-04-09T18:30:00Z,3794.997,3794.997
2023-04-10T18:30:00Z,3733.874,3733.874
2023-04-11T18:30:00Z,3225.535,3225.535
2023-04-12T18:30:00Z,3433.824,3433.824
2023-04-13T18:30:00Z,3558.284,3558.284
2023-04-14T18:30:00Z,3113.852,3113.852
2023-04-15T18:30:00Z,3903.874,3903.874
2023-04-16T18:30:00Z,4160.383,4160.383
2023-04-17T18:30:00Z,3692.844,3692.844
2023-04-18T18:30:00Z,4685.94,4685.94
2023-04-19T18:30:00Z,3517.759,3517.759
2023-04-20T18:30:00Z,3910.45,3910.45
2023-04-21T18:30:00Z,3601.592,3601.592
2023-04-22T18:30:00Z,3091.962,3091.962
2023-04-23T18:30:00Z,4222.603,4222.603
2023-04-24T18:30:00Z,3717.965,3717.965
2023-04-25T18:30:00Z,3266.022,3266.022
2023-04-26T18:30:00Z,3974.636,3974.636
2023-04-27T18:30:00Z,3989.19,3989.19
2023-04-28T18:30:00Z,3239.049,3239.049
2023-04-29T18:30:00Z,3772.194,3772.194
2023-04-30T18:30:00Z,3720.064,3720.064
2023-05-01T18:30:00Z,3845.803,3845.803
2023-05-02T18:30:00Z,4360.788,4360.788
2023-05-03T18:30:00Z,4109.304,4109.304
2023-05-04T18:30:00Z,3697.633,3697.633
2023-05-05T18:30:00Z,3390.832,3390.832
2023-05-06T18:30:00Z,2980.433,2980.433
2023-05-07T18:30:00Z,4356.127,4356.127
2023-05-08T18:30:00Z,4015.479,4015.479
2023-05-09T18:30:00Z,3944.578,3944.578
2023-05-10T18:30:00Z,4376.171,4376.171
2023-05-11T18:30:00Z,4007.527,4007.527
2023-05-12T18:30:00Z,3523.658,3523.658
2023-05-13T18:30:00Z,2431.602,2431.602
2023-05-14T18:30:00Z,4364.324,4364.324
2023-05-15T18:30:00Z,4388.766,4388.766
2023-05-16T18:30:00Z,3918.816,3918.816
2023-05-17T18:30:00Z,3770.63,3770.63
2023-05-18T18:30:00Z,4146.363,4146.363
2023-05-19T18:30:00Z,2824.84,2824.84
2023-05-20T18:30:00Z,3557.101,3557.101
2023-05-21T18:30:00Z,3817.923,3817.923
2023-05-22T18:30:00Z,4528.018,4528.018
2023-05-23T18:30:00Z,3554.615,3554.615
2023-05-24T18:30:00Z,3948.121,3948.121
2023-05-25T18:30:00Z,3947.164,3947.164
2023-05-26T18:30:00Z,2847.859,2847.859
2023-05-27T18:30:00Z,2875.413,2875.413
2023-05-28T18:30:00Z,3082.329,3082.329
2023-05-29T18:30:00Z,4365.534,4365.534
2023-05-30T18:30:00Z,4106.076,4106.076
2023-05-31T18:30:00Z,4227.642,4227.642
2023-06-01T18:30:00Z,4175.643,4175.643
2023-06-02T18:30:00Z,3142.594,3142.594
2023-06-03T18:30:00Z,3068.557,3068.557
2023-06-04T18:30:00Z,4208.211,4208.211
2023-06-05T18:30:00Z,3807.881,3807.881
2023-06-06T18:30:00Z,3642.102,3642.102
2023-06-07T18:30:00Z,4538.164,4538.164
2023-06-08T18:30:00Z,3480.861,3480.861
2023-06-09T18:30:00Z,3389.35,3389.35
2023-06-10T18:30:00Z,2801.028,2801.028
2023-06-11T18:30:00Z,3869.204,3869.204
2023-06-12T18:30:00Z,3059.655,3059.655
2023-06-13T18:30:00Z,3626.843,3626.843
2023-06-14T18:30:00Z,4147.543,4147.543
2023-06-15T18:30:00Z,3393.306,3393.306
2023-06-16T18:30:00Z,3504.864,3504.864
2023-06-17T18:30:00Z,2818.135,2818.135
2023-06-18T18:30:00Z,3814.663,3814.663
2023-06-19T18:30:00Z,3639.922,3639.922
2023-06-20T18:30:00Z,4552.812,4552.812
2023-06-21T18:30:00Z,4410.942,4410.942
2023-06-22T18:30:00Z,3603.66,3603.66
2023-06-23T18:30:00Z,3559.382,3559.382
2023-06-24T18:30:00Z,3404.96,3404.96
2023-06-25T18:30:00Z,3478.835,3478.835
2023-06-26T18:30:00Z,4269.945,4269.945
2023-06-27T18:30:00Z,4181.105,4181.105
2023-06-28T18:30:00Z,4621.259,4621.259
2023-06-29T18:30:00Z,4319.517,4319.517
2023-06-30T18:30:00Z,3124.475,3124.475
2023-07-01T18:30:00Z,3020.451,3020.451
2023-07-02T18:30:00Z,3790.93,3790.93
2023-07-03T18:30:00Z,3275.807,3275.807
2023-07-04T18:30:00Z,3794.683,3794.683
2023-07-05T18:30:00Z,4118.214,4118.214
2023-07-06T18:30:00Z,3787.834,3787.834
2023-07-07T18:30:00Z,3439.172,3439.172
2023-07-08T18:30:00Z,3050.802,3050.802
2023-07-09T18:30:00Z,4198.758,4198.758
2023-07-10T18:30:00Z,4035.241,4035.241
2023-07-11T18:30:00Z,4441.151,4441.151
2023-07-12T18:30:00Z,4359.605,4359.605
2023-07-13T18:30:00Z,4309.801,4309.801
2023-07-14T18:30:00Z,3306.386,3306.386
2023-07-15T18:30:00Z,3137.764,3137.764
2023-07-16T18:30:00Z,4644.769,4644.769
2023-07-17T18:30:00Z,4054.834,4054.834
2023-07-18T18:30:00Z,4240.82,4240.82
2023-07-19T18:30:00Z,4565.652,4565.652
2023-07-20T18:30:00Z,4777.732,4777.732
2023-07-21T18:30:00Z,3565.353,3565.353
2023-07-22T18:30:00Z,3356.718,3356.718
2023-07-23T18:30:00Z,4468.192,4468.192
2023-07-24T18:30:00Z,4594.062,4594.062
2023-07-25T18:30:00Z,4617.382,4617.382
2023-07-26T18:30:00Z,4508.137,4508.137
2023-07-27T18:30:00Z,3714.603,3714.603
2023-07-28T18:30:00Z,4011.501,4011.501
2023-07-29T18:30:00Z,3665.532,3665.532
2023-07-30T18:30:00Z,4948.624,4948.624
2023-07-31T18:30:00Z,4829.561,4829.561
2023-08-01T18:30:00Z,5095.887,5095.887
2023-08-02T18:30:00Z,4449.453,4449.453
2023-08-03T18:30:00Z,4057.535,4057.535
2023-08-04T18:30:00Z,3601.25,3601.25
2023-08-05T18:30:00Z,3366.757,3366.757
2023-08-06T18:30:00Z,5462.328,5462.328
2023-08-07T18:30:00Z,4702.107,4702.107
2023-08-08T18:30:00Z,4794.507,4794.507
2023-08-09T18:30:00Z,4194.109,4194.109
2023-08-10T18:30:00Z,4608.547,4608.547
2023-08-11T18:30:00Z,3688.075,3688.075
2023-08-12T18:30:00Z,3857.385,3857.385
2023-08-13T18:30:00Z,4665.461,4665.461
2023-08-14T18:30:00Z,5350.684,5350.684
2023-08-15T18:30:00Z,4566.766,4566.766
2023-08-16T18:30:00Z,4852.73,4852.73
2023-08-17T18:30:00Z,3996.936,3996.936
2023-08-18T18:30:00Z,3247.846,3247.846
2023-08-19T18:30:00Z,3651.325,3651.325
2023-08-20T18:30:00Z,4618.429,4618.429
2023-08-21T18:30:00Z,5002.936,5002.936
2023-08-22T18:30:00Z,4998.829,4998.829
2023-08-23T18:30:00Z,4287.907,4287.907
2023-08-24T18:30:00Z,5056.73,5056.73
2023-08-25T18:30:00Z,4541.177,4541.177
2023-08-26T18:30:00Z,3703.846,3703.846
2023-08-27T18:30:00Z,4817.792,4817.792
2023-08-28T18:30:00Z,4918.083,4918.083
2023-08-29T18:30:00Z,4997.607,4997.607
2023-08-30T18:30:00Z,4804.353,4804.353
2023-08-31T18:30:00Z,4469.483,4469.483
2023-09-01T18:30:00Z,4106.36,4106.36
2023-09-02T18:30:00Z,3136.234,3136.234
2023-09-03T18:30:00Z,3117.174,3117.174
2023-09-04T18:30:00Z,4230.595,4230.595
2023-09-05T18:30:00Z,5102.449,5102.449
2023-09-06T18:30:00Z,4914.887,4914.887
2023-09-07T18:30:00Z,4600.491,4600.491
2023-09-08T18:30:00Z,4077.428,4077.428
2023-09-09T18:30:00Z,2749.564,2749.564
2023-09-10T18:30:00Z,4554.265,4554.265
2023-09-11T18:30:00Z,4317.046,4317.046
2023-09-12T18:30:00Z,5430.3550000000005,5430.3550000000005
2023-09-13T18:30:00Z,4947.554,4947.554
2023-09-14T18:30:00Z,4929.22,4929.22
2023-09-15T18:30:00Z,3455.596,3455.596
2023-09-16T18:30:00Z,3619.635,3619.635
2023-09-17T18:30:00Z,5271.382,5271.382
2023-09-18T18:30:00Z,4915.028,4915.028
2023-09-19T18:30:00Z,5033.574,5033.574
2023-09-20T18:30:00Z,5311.239,5311.239
2023-09-21T18:30:00Z,4336.549,4336.549
2023-09-22T18:30:00Z,3917.025,3917.025
2023-09-23T18:30:00Z,3724.773,3724.773
2023-09-24T18:30:00Z,3957.159,3957.159
2023-09-25T18:30:00Z,5106.319,5106.319
2023-09-26T18:30:00Z,5195.789,5195.789
2023-09-27T18:30:00Z,4796.353,4796.353
2023-09-28T18:30:00Z,5100.688,5100.688
2023-09-29T18:30:00Z,3983.358,3983.358
2023-09-30T18:30:00Z,3953.881,3953.881
2023-10-01T18:30:00Z,4502.613,4502.613
2023-10-02T18:30:00Z,4456.385,4456.385
2023-10-03T18:30:00Z,4998.031,4998.031
2023-10-04T18:30:00Z,4994.139,4994.139
2023-10-05T18:30:00Z,4989.944,4989.944
2023-10-06T18:30:00Z,3658.691,3658.691
2023-10-07T18:30:00Z,4047.868,4047.868
2023-10-08T18:30:00Z,5323.946,5323.946
2023-10-09T18:30:00Z,4644.735,4644.735
2023-10-10T18:30:00Z,4658.31,4658.31
2023-10-11T18:30:00Z,4503.379,4503.379
2023-10-12T18:30:00Z,4835.069,4835.069
2023-10-13T18:30:00Z,3387.841,3387.841
2023-10-14T18:30:00Z,4128.098,4128.098
2023-10-15T18:30:00Z,5415.385,5415.385
2023-10-16T18:30:00Z,4387.878,4387.878
2023-10-17T18:30:00Z,4204.107,4204.107
2023-10-18T18:30:00Z,4825.918,4825.918
2023-10-19T18:30:00Z,4686.77,4686.77
2023-10-20T18:30:00Z,4382.44,4382.44
2023-10-21T18:30:00Z,4007.166,4007.166
2023-10-22T18:30:00Z,5178.182,5178.182
2023-10-23T18:30:00Z,4577.128,4577.128
2023-10-24T18:30:00Z,5373.259,5373.259
2023-10-25T18:30:00Z,5185.264,5185.264
2023-10-26T18:30:00Z,4966.589,4966.589
2023-10-27T18:30:00Z,4155.497,4155.497
2023-10-28T18:30:00Z,3841.27,3841.27
2023-10-29T18:30:00Z,5270.314,5270.314
2023-10-30T18:30:00Z,5126.865,5126.865
2023-10-31T18:30:00Z,5291.75,5291.75
2023-11-01T18:30:00Z,5037.219,5037.219
2023-11-02T18:30:00Z,4660.195,4660.195
2023-11-03T18:30:00Z,4136.055,4136.055
2023-11-04T18:30:00Z,3240.498,3240.498
2023-11-05T18:30:00Z,5442.088,5442.088
2023-11-06T18:30:00Z,5060.536,5060.536
2023-11-07T18:30:00Z,4389.529,4389.529
2023-11-08T18:30:00Z,4414.42,4414.42
2023-11-09T18:30:00Z,4500.876,4500.876
2023-11-10T18:30:00Z,4025.84,4025.84
2023-11-11T18:30:00Z,3584.39,3584.39
2023-11-12T18:30:00Z,4895.895,4895.895
2023-11-13T18:30:00Z,5149.946,5149.946
2023-11-14T18:30:00Z,4577.221,4577.221
2023-11-15T18:30:00Z,4233.011,4233.011
2023-11-16T18:30:00Z,4750.827,4750.827
2023-11-17T18:30:00Z,4021.609,4021.609
2023-11-18T18:30:00Z,3439.955,3439.955
2023-11-19T18:30:00Z,4593.667,4593.667
2023-11-20T18:30:00Z,4653.684,4653.684
2023-11-21T18:30:00Z,4449.571,4449.571
2023-11-22T18:30:00Z,3887.844,3887.844
2023-11-23T18:30:00Z,3292.806,3292.806
2023-11-24T18:30:00Z,3468.118,3468.118
2023-11-25T18:30:00Z,3012.519,3012.519
2023-11-26T18:30:00Z,5355.781,5355.781
2023-11-27T18:30:00Z,4967.11,4967.11
2023-11-28T18:30:00Z,4586.128,4586.128
2023-11-29T18:30:00Z,5559.496,5559.496
2023-11-30T18:30:00Z,4960.976,4960.976
2023-12-01T18:30:00Z,3668.85,3668.85
2023-12-02T18:30:00Z,4047.299,4047.299
2023-12-03T18:30:00Z,4718.107,4718.107
2023-12-04T18:30:00Z,5573.454,5573.454
2023-12-05T18:30:00Z,4965.311,4965.311
2023-12-06T18:30:00Z,5367.339,5367.339
2023-12-07T18:30:00Z,5521.851,5521.851
2023-12-08T18:30:00Z,4377.54,4377.54
2023-12-09T18:30:00Z,4136.173,4136.173
2023-12-10T18:30:00Z,5214.735,5214.735
2023-12-11T18:30:00Z,5052.79,5052.79
2023-12-12T18:30:00Z,5104.259,5104.259
2023-12-13T18:30:00Z,4917.646,4917.646
2023-12-14T18:30:00Z,4701.772,4701.772
2023-12-15T18:30:00Z,3766.154,3766.154
2023-12-16T18:30:00Z,3447.41,3447.41
2023-12-17T18:30:00Z,5233.15,5233.15
2023-12-18T18:30:00Z,4923.068,4923.068
2023-12-19T18:30:00Z,4487.782,4487.782
2023-12-20T18:30:00Z,4642.735,4642.735
2023-12-21T18:30:00Z,4525.525,4525.525
2023-12-22T18:30:00Z,3909.597,3909.597
2023-12-23T18:30:00Z,3765.729,3765.729
2023-12-24T18:30:00Z,2910.635,2910.635
2023-12-25T18:30:00Z,4010.324,4010.324
2023-12-26T18:30:00Z,4028.794,4028.794
2023-12-27T18:30:00Z,3928.283,3928.283
2023-12-28T18:30:00Z,4094.345,4094.345
2023-12-29T18:30:00Z,3459.538,3459.538
2023-12-30T18:30:00Z,4184.204,4184.204
2023-12-31T18:30:00Z,3631.203,3631.203
2024-01-01T18:30:00Z,4149.871,4149.871
2024-01-02T18:30:00Z,4719.283,4719.283
2024-01-03T18:30:00Z,4568.227,4568.227
2024-01-04T18:30:00Z,4400.605,4400.605
2024-01-05T18:30:00Z,4217.177,4217.177
2024-01-06T18:30:00Z,3526.62,3526.62
2024-01-07T18:30:00Z,5155.214,5155.214
2024-01-08T18:30:00Z,5043.649,5043.649
2024-01-09T18:30:00Z,4917.317,4917.317
2024-01-10T18:30:00Z,5512.858,5512.858
2024-01-11T18:30:00Z,5501.201,5501.201
2024-01-12T18:30:00Z,3971.516,3971.516
2024-01-13T18:30:00Z,4194.446,4194.446
2024-01-14T18:30:00Z,5493.988,5493.988
2024-01-15T18:30:00Z,4557.952,4557.952
2024-01-16T18:30:00Z,5437.68,5437.68
2024-01-17T18:30:00Z,6037.632,6037.632
2024-01-18T18:30:00Z,5157.608,5157.608
2024-01-19T18:30:00Z,4688.932,4688.932
2024-01-20T18:30:00Z,4564.396,4564.396
2024-01-21T18:30:00Z,5846.619,5846.619
2024-01-22T18:30:00Z,5640.903,5640.903
2024-01-23T18:30:00Z,5255.85,5255.85
2024-01-24T18:30:00Z,5601.248,5601.248
2024-01-25T18:30:00Z,5913.04,5913.04
2024-01-26T18:30:00Z,5772.918,5772.918
2024-01-27T18:30:00Z,4809.678,4809.678
2024-01-28T18:30:00Z,6105.96,6105.96
2024-01-29T18:30:00Z,5790.3279999999995,5790.3279999999995
2024-01-30T18:30:00Z,5791.89,5791.89
2024-01-31T18:30:00Z,5652.234,5652.234
2024-02-01T18:30:00Z,6032.338,6032.338
2024-02-02T18:30:00Z,4862.665,4862.665
2024-02-03T18:30:00Z,5113.267,5113.267
2024-02-04T18:30:00Z,6107.113,6107.113
2024-02-05T18:30:00Z,6209.075,6209.075
2024-02-06T18:30:00Z,5177.574,5177.574
2024-02-07T18:30:00Z,6072.051,6072.051
2024-02-08T18:30:00Z,6148.904,6148.904
2024-02-09T18:30:00Z,4581.898,4581.898
2024-02-10T18:30:00Z,4250.601,4250.601
2024-02-11T18:30:00Z,6331.627,6331.627
2024-02-12T18:30:00Z,6287.921,6287.921
2024-02-13T18:30:00Z,5404.937,5404.937
2024-02-14T18:30:00Z,6517.821,6517.821
2024-02-15T18:30:00Z,7036.884,7036.884
2024-02-16T18:30:00Z,4611.466,4611.466
2024-02-17T18:30:00Z,4875.548,4875.548
2024-02-18T18:30:00Z,5138.595,5138.595
2024-02-19T18:30:00Z,6362.543,6362.543
2024-02-20T18:30:00Z,5619.625,5619.625
2024-02-21T18:30:00Z,6230.802,6230.802
2024-02-22T18:30:00Z,6307.074,6307.074
2024-02-23T18:30:00Z,4519.832,4519.832
2024-02-24T18:30:00Z,4555.613,4555.613
2024-02-25T18:30:00Z,5541.507,5541.507
2024-02-26T18:30:00Z,5826.363,5826.363
2024-02-27T18:30:00Z,4734.247,4734.247
2024-02-28T18:30:00Z,5586.15,5586.15
2024-02-29T18:30:00Z,5761.78,5761.78
2024-03-01T18:30:00Z,4682.749,4682.749
2024-03-02T18:30:00Z,4819.581,4819.581
2024-03-03T18:30:00Z,6148.188,6148.188
2024-03-04T18:30:00Z,5953.845,5953.845
2024-03-05T18:30:00Z,5931.869,5931.869
2024-03-06T18:30:00Z,6286.278,6286.278
2024-03-07T18:30:00Z,5956.315,5956.315
2024-03-08T18:30:00Z,5003.027,5003.027
2024-03-09T18:30:00Z,4618.782,4618.782
2024-03-10T18:30:00Z,7146.247,7146.247
2024-03-11T18:30:00Z,6024.965,6024.965
2024-03-12T18:30:00Z,6397.841,6397.841
2024-03-13T18:30:00Z,5945.632,5945.632
2024-03-14T18:30:00Z,6295.869,6295.869
2024-03-15T18:30:00Z,5181.342,5181.342
2024-03-16T18:30:00Z,4861.956,4861.956
2024-03-17T18:30:00Z,6932.401,6932.401
2024-03-18T18:30:00Z,6241.073,6241.073
2024-03-19T18:30:00Z,5930.912,5930.912
2024-03-20T18:30:00Z,6529.911,6529.911
2024-03-21T18:30:00Z,6273.959,6273.959
2024-03-22T18:30:00Z,4463.165,4463.165
2024-03-23T18:30:00Z,4633.02,4633.02
2024-03-24T18:30:00Z,5632.542,5632.542
2024-03-25T18:30:00Z,5363.802,5363.802
2024-03-26T18:30:00Z,6541.878,6541.878
2024-03-27T18:30:00Z,6062.906,6062.906
2024-03-28T18:30:00Z,5856.826,5856.826
2024-03-29T18:30:00Z,4813.897,4813.897
2024-03-30T18:30:00Z,5992.861,5992.861
2024-03-31T18:30:00Z,5821.177,5821.177
2024-04-01T18:30:00Z,7596.481,7596.481
2024-04-02T18:30:00Z,6657.55,6657.55
2024-04-03T18:30:00Z,5917.934,5917.934
2024-04-04T18:30:00Z,6727.891,6727.891
2024-04-05T18:30:00Z,5703.306,5703.306
2024-04-06T18:30:00Z,5108.034,5108.034
2024-04-07T18:30:00Z,6259.293,6259.293
2024-04-08T18:30:00Z,6956.238,6956.238
2024-04-09T18:30:00Z,6694.072,6694.072
2024-04-10T18:30:00Z,6404.666,6404.666
2024-04-11T18:30:00Z,6844.832,6844.832
2024-04-12T18:30:00Z,5650.514,5650.514
2024-04-13T18:30:00Z,5052.227,5052.227
2024-04-14T18:30:00Z,6918.483,6918.483
2024-04-15T18:30:00Z,6646.645,6646.645
2024-04-16T18:30:00Z,6548.306,6548.306
2024-04-17T18:30:00Z,6541.237,6541.237
2024-04-18T18:30:00Z,6224.121,6224.121
2024-04-19T18:30:00Z,5265.239,5265.239
2024-04-20T18:30:00Z,5385.749,5385.749
2024-04-21T18:30:00Z,7019.9619999999995,7019.9619999999995
2024-04-22T18:30:00Z,6356.2789999999995,6356.2789999999995
2024-04-23T18:30:00Z,6417.695,6417.695
2024-04-24T18:30:00Z,6362.445,6362.445
2024-04-25T18:30:00Z,6410.773,6410.773
2024-04-26T18:30:00Z,5782.097,5782.097
2024-04-27T18:30:00Z,5264.52,5264.52
2024-04-28T18:30:00Z,6835.782,6835.782
2024-04-29T18:30:00Z,6459.948,6459.948
2024-04-30T18:30:00Z,6348.14,6348.14
2024-05-01T18:30:00Z,7046.299,7046.299
2024-05-02T18:30:00Z,7753.234,7753.234
2024-05-03T18:30:00Z,5850.818,5850.818
2024-05-04T18:30:00Z,6071.14,6071.14
2024-05-05T18:30:00Z,6754.104,6754.104
2024-05-06T18:30:00Z,6313.361,6313.361
2024-05-07T18:30:00Z,7462.435,7462.435
2024-05-08T18:30:00Z,7230.311,7230.311
2024-05-09T18:30:00Z,7122.667,7122.667
2024-05-10T18:30:00Z,6024.056,6024.056
2024-05-11T18:30:00Z,5555.523,5555.523
2024-05-12T18:30:00Z,7949.1359999999995,7949.1359999999995
2024-05-13T18:30:00Z,7045.08,7045.08
2024-05-14T18:30:00Z,6979.099,6979.099
2024-05-15T18:30:00Z,7571.13,7571.13
2024-05-16T18:30:00Z,6719.63,6719.63
2024-05-17T18:30:00Z,6389.215,6389.215
2024-05-18T18:30:00Z,5867.488,5867.488
2024-05-19T18:30:00Z,7633.621,7633.621
2024-05-20T18:30:00Z,8253.598,8253.598
2024-05-21T18:30:00Z,7142.404,7142.404
2024-05-22T18:30:00Z,7364.0199999999995,7364.0199999999995
2024-05-23T18:30:00Z,6992.111,6992.111
2024-05-24T18:30:00Z,5429.276,5429.276
2024-05-25T18:30:00Z,5065.159,5065.159
2024-05-26T18:30:00Z,5170.025,5170.025
2024-05-27T18:30:00Z,7829.898,7829.898
2024-05-28T18:30:00Z,7057.341,7057.341
2024-05-29T18:30:00Z,7570.429,7570.429
2024-05-30T18:30:00Z,7003.191,7003.191
2024-05-31T18:30:00Z,6450.973,6450.973
2024-06-01T18:30:00Z,5683.601,5683.601
2024-06-02T18:30:00Z,6988.997,6988.997
2024-06-03T18:30:00Z,6429.085,6429.085
2024-06-04T18:30:00Z,7295.026,7295.026
2024-06-05T18:30:00Z,7237.968,7237.968
2024-06-06T18:30:00Z,6938.09,6938.09
2024-06-07T18:30:00Z,5654.475,5654.475
2024-06-08T18:30:00Z,5151.548,5151.548
2024-06-09T18:30:00Z,6686.843,6686.843
2024-06-10T18:30:00Z,6913.101,6913.101
2024-06-11T18:30:00Z,5245.219,5245.219
2024-06-12T18:30:00Z,5391.214,5391.214
2024-06-13T18:30:00Z,5494.272,5494.272
2024-06-14T18:30:00Z,4507.105,4507.105
2024-06-15T18:30:00Z,5114.452,5114.452
2024-06-16T18:30:00Z,6782.266,6782.266
2024-06-17T18:30:00Z,7488.38,7488.38
2024-06-18T18:30:00Z,6445.962,6445.962
2024-06-19T18:30:00Z,7209.027,7209.027
2024-06-20T18:30:00Z,7462.348,7462.348
2024-06-21T18:30:00Z,6091.436,6091.436
2024-06-22T18:30:00Z,5220.923,5220.923
2024-06-23T18:30:00Z,7473.664,7473.664
2024-06-24T18:30:00Z,5905.44,5905.44
2024-06-25T18:30:00Z,7009.007,7009.007
2024-06-26T18:30:00Z,7469.13,7469.13
2024-06-27T18:30:00Z,6981.89,6981.89
2024-06-28T18:30:00Z,6722.803,6722.803
2024-06-29T18:30:00Z,5382.388,5382.388
2024-06-30T18:30:00Z,6432.568,6432.568
2024-07-01T18:30:00Z,7434.57,7434.57
2024-07-02T18:30:00Z,7102.215,7102.215
2024-07-03T18:30:00Z,6615.85,6615.85
2024-07-04T18:30:00Z,5541.241,5541.241
2024-07-05T18:30:00Z,6001.609,6001.609
2024-07-06T18:30:00Z,5995.082,5995.082
2024-07-07T18:30:00Z,7442.932,7442.932
2024-07-08T18:30:00Z,7632.111,7632.111
2024-07-09T18:30:00Z,8229.971,8229.971
2024-07-10T18:30:00Z,7239.899,7239.899
2024-07-11T18:30:00Z,6166.751,6166.751
2024-07-12T18:30:00Z,6434.486,6434.486
2024-07-13T18:30:00Z,5593.606,5593.606
2024-07-14T18:30:00Z,7170.863,7170.863
2024-07-15T18:30:00Z,7636.951,7636.951
2024-07-16T18:30:00Z,7768.4800000000005,7768.4800000000005
2024-07-17T18:30:00Z,8013.223,8013.223
2024-07-18T18:30:00Z,7952.429,7952.429
2024-07-19T18:30:00Z,6275.384,6275.384
2024-07-20T18:30:00Z,6249.919,6249.919
2024-07-21T18:30:00Z,7277.57,7277.57
2024-07-22T18:30:00Z,6317.463,6317.463
2024-07-23T18:30:00Z,7685.786,7685.786
2024-07-24T18:30:00Z,8195.995,8195.995
2024-07-25T18:30:00Z,7384.586,7384.586
2024-07-26T18:30:00Z,6173.184,6173.184
2024-07-27T18:30:00Z,6802.475,6802.475
2024-07-28T18:30:00Z,7754.561,7754.561
2024-07-29T18:30:00Z,7363.826,7363.826
2024-07-30T18:30:00Z,7821.944,7821.944
2024-07-31T18:30:00Z,7272.618,7272.618
2024-08-01T18:30:00Z,7143.643,7143.643
2024-08-02T18:30:00Z,5937.062,5937.062
2024-08-03T18:30:00Z,5848.829,5848.829
2024-08-04T18:30:00Z,6251.478,6251.478
2024-08-05T18:30:00Z,7868.385,7868.385
2024-08-06T18:30:00Z,7483.03,7483.03
2024-08-07T18:30:00Z,8054.761,8054.761
2024-08-08T18:30:00Z,8951.853,8951.853
2024-08-09T18:30:00Z,5859.219,5859.219
2024-08-10T18:30:00Z,5894.839,5894.839
2024-08-11T18:30:00Z,8737.744,8737.744
2024-08-12T18:30:00Z,8190.784,8190.784
2024-08-13T18:30:00Z,7812.528,7812.528
2024-08-14T18:30:00Z,8407.278,8407.278
2024-08-15T18:30:00Z,7645.778,7645.778
2024-08-16T18:30:00Z,5785.214,5785.214
2024-08-17T18:30:00Z,6504.694,6504.694
2024-08-18T18:30:00Z,7727.499,7727.499
2024-08-19T18:30:00Z,7544.657,7544.657
2024-08-20T18:30:00Z,7945.891,7945.891
2024-08-21T18:30:00Z,8068.506,8068.506
2024-08-22T18:30:00Z,7021.7300000000005,7021.7300000000005
2024-08-23T18:30:00Z,5983.87,5983.87
2024-08-24T18:30:00Z,5560.93,5560.93
2024-08-25T18:30:00Z,8406.686,8406.686
2024-08-26T18:30:00Z,7690.583,7690.583
2024-08-27T18:30:00Z,8514.537,8514.537
2024-08-28T18:30:00Z,7839.114,7839.114
2024-08-29T18:30:00Z,7528.775,7528.775
2024-08-30T18:30:00Z,6271.313,6271.313
2024-08-31T18:30:00Z,5777.987,5777.987
2024-09-01T18:30:00Z,5501.893,5501.893
2024-09-02T18:30:00Z,8846.495,8846.495
2024-09-03T18:30:00Z,7946.776,7946.776
2024-09-04T18:30:00Z,8120.567,8120.567
2024-09-05T18:30:00Z,8255.258,8255.258
2024-09-06T18:30:00Z,7889.004,7889.004
2024-09-07T18:30:00Z,7559.797,7559.797
2024-09-08T18:30:00Z,9268.159,9268.159
2024-09-09T18:30:00Z,7339.24,7339.24
2024-09-10T18:30:00Z,8594.436,8594.436
2024-09-11T18:30:00Z,8718.243,8718.243
2024-09-12T18:30:00Z,9040.248,9040.248
2024-09-13T18:30:00Z,7476.848,7476.848
2024-09-14T18:30:00Z,6059.965,6059.965
2024-09-15T18:30:00Z,8124.306,8124.306
2024-09-16T18:30:00Z,7337.668,7337.668
2024-09-17T18:30:00Z,7928.319,7928.319
2024-09-18T18:30:00Z,8950.475,8950.475
2024-09-19T18:30:00Z,8532.174,8532.174
2024-09-20T18:30:00Z,6444.129,6444.129
2024-09-21T18:30:00Z,6341.788,6341.788
2024-09-22T18:30:00Z,7423.985,7423.985
2024-09-23T18:30:00Z,7975.047,7975.047
2024-09-24T18:30:00Z,9007.687,9007.687
2024-09-25T18:30:00Z,7966.982,7966.982
2024-09-26T18:30:00Z,7342.867,7342.867
2024-09-27T18:30:00Z,7024.379,7024.379
2024-09-28T18:30:00Z,6618.69,6618.69
2024-09-29T18:30:00Z,8896.321,8896.321
2024-09-30T18:30:00Z,8944.129,8944.129
2024-10-01T18:30:00Z,8800.327,8800.327
2024-10-02T18:30:00Z,8848.176,8848.176
2024-10-03T18:30:00Z,8776.835,8776.835
2024-10-04T18:30:00Z,6783.976,6783.976
2024-10-05T18:30:00Z,6205.598,6205.598
2024-10-06T18:30:00Z,9554.545,9554.545
2024-10-07T18:30:00Z,9299.873,9299.873
2024-10-08T18:30:00Z,8032.452,8032.452
2024-10-09T18:30:00Z,4163.038,4163.038
2024-10-10T18:30:00Z,6200.807,6200.807
2024-10-11T18:30:00Z,4798.459,4798.459
2024-10-12T18:30:00Z,5744.854,5744.854
2024-10-13T18:30:00Z,6967.337,6967.337
2024-10-14T18:30:00Z,7791.104,7791.104
2024-10-15T18:30:00Z,8540.262,8540.262
2024-10-16T18:30:00Z,8602.213,8602.213
2024-10-17T18:30:00Z,9223.326,9223.326
2024-10-18T18:30:00Z,6685.305,6685.305
2024-10-19T18:30:00Z,6812.376,6812.376
2024-10-20T18:30:00Z,8683.334,8683.334
2024-10-21T18:30:00Z,8939.545,8939.545
2024-10-22T18:30:00Z,8825.922,8825.922
2024-10-23T18:30:00Z,8968.368,8968.368
2024-10-24T18:30:00Z,9046.438,9046.438
2024-10-25T18:30:00Z,7097.388,7097.388
2024-10-26T18:30:00Z,7440.479,7440.479
2024-10-27T18:30:00Z,9269.38,9269.38
2024-10-28T18:30:00Z,9216.301,9216.301
2024-10-29T18:30:00Z,8144.9890000000005,8144.9890000000005
2024-10-30T18:30:00Z,8946.859,8946.859
2024-10-31T18:30:00Z,9147.885,9147.885
2024-11-01T18:30:00Z,7526.44,7526.44
2024-11-02T18:30:00Z,7285.071,7285.071
2024-11-03T18:30:00Z,8175.585,8175.585
2024-11-04T18:30:00Z,8783.673,8783.673
2024-11-05T18:30:00Z,8989.843,8989.843
2024-11-06T18:30:00Z,8023.908,8023.908
2024-11-07T18:30:00Z,9337.648,9337.648
2024-11-08T18:30:00Z,7222.389,7222.389
2024-11-09T18:30:00Z,6833.785,6833.785
2024-11-10T18:30:00Z,7876.136,7876.136
2024-11-11T18:30:00Z,8786.42,8786.42
2024-11-12T18:30:00Z,9598.366,9598.366
2024-11-13T18:30:00Z,9399.234,9399.234
2024-11-14T18:30:00Z,8708.642,8708.642
2024-11-15T18:30:00Z,7486.86,7486.86
2024-11-16T18:30:00Z,7185.616,7185.616
2024-11-17T18:30:00Z,9040.479,9040.479
2024-11-18T18:30:00Z,7800.864,7800.864
2024-11-19T18:30:00Z,8546.318,8546.318
2024-11-20T18:30:00Z,9601.668,9601.668
2024-11-21T18:30:00Z,9110.19,9110.19
2024-11-22T18:30:00Z,6856.015,6856.015
2024-11-23T18:30:00Z,6735.05,6735.05
2024-11-24T18:30:00Z,7876.237,7876.237
2024-11-25T18:30:00Z,8270.325,8270.325
2024-11-26T18:30:00Z,7607.601,7607.601
2024-11-27T18:30:00Z,6767.67,6767.67
2024-11-28T18:30:00Z,6094.874,6094.874
2024-11-29T18:30:00Z,6389.128,6389.128
2024-11-30T18:30:00Z,6297.581,6297.581
2024-12-01T18:30:00Z,9024.016,9024.016
2024-12-02T18:30:00Z,8829.347,8829.347
2024-12-03T18:30:00Z,8720.291,8720.291
2024-12-04T18:30:00Z,9557.008,9557.008
2024-12-05T18:30:00Z,9304.004,9304.004
2024-12-06T18:30:00Z,7754.976,7754.976
2024-12-07T18:30:00Z,6751.921,6751.921
2024-12-08T18:30:00Z,7617.097,7617.097
2024-12-09T18:30:00Z,8631.163,8631.163
2024-12-10T18:30:00Z,8393.675,8393.675
2024-12-11T18:30:00Z,9027.9,9027.9
2024-12-12T18:30:00Z,9160.929,9160.929
2024-12-13T18:30:00Z,6499.173,6499.173
2024-12-14T18:30:00Z,6564.2880000000005,6564.2880000000005
2024-12-15T18:30:00Z,8391.171,8391.171
2024-12-16T18:30:00Z,8858.88,8858.88
2024-12-17T18:30:00Z,8590.046,8590.046
2024-12-18T18:30:00Z,8711.471,8711.471
2024-12-19T18:30:00Z,9009.854,9009.854
2024-12-20T18:30:00Z,6160.065,6160.065
2024-12-21T18:30:00Z,6720.992,6720.992
2024-12-22T18:30:00Z,7599.024,7599.024
2024-12-23T18:30:00Z,7752.511,7752.511
2024-12-24T18:30:00Z,5662.607,5662.607
2024-12-25T18:30:00Z,5695.16,5695.16
2024-12-26T18:30:00Z,6656.914,6656.914
2024-12-27T18:30:00Z,6857.24,6857.24
2024-12-28T18:30:00Z,6102.921,6102.921
2024-12-29T18:30:00Z,8156.793,8156.793
2024-12-30T18:30:00Z,7305.2,7305.2
2024-12-31T18:30:00Z,4885.464,4885.464
2025-01-01T18:30:00Z,7389.397,7389.397
2025-01-02T18:30:00Z,6933.125,6933.125
2025-01-03T18:30:00Z,6073.107,6073.107
2025-01-04T18:30:00Z,6419.672,6419.672
2025-01-05T18:30:00Z,9805.567000000001,9805.567000000001
2025-01-06T18:30:00Z,7977.644,7977.644
2025-01-07T18:30:00Z,9514.613,9514.613
2025-01-08T18:30:00Z,9618.337,9618.337
2025-01-09T18:30:00Z,9799.644,9799.644
2025-01-10T18:30:00Z,8012.565,8012.565
2025-01-11T18:30:00Z,7135.415,7135.415
2025-01-12T18:30:00Z,9103.008,9103.008
2025-01-13T18:30:00Z,8729.468,8729.468
2025-01-14T18:30:00Z,9054.582,9054.582
2025-01-15T18:30:00Z,8555.176,8555.176
2025-01-16T18:30:00Z,9203.458,9203.458
2025-01-17T18:30:00Z,7703.751,7703.751
2025-01-18T18:30:00Z,7822.138,7822.138
2025-01-19T18:30:00Z,7157.952,7157.952
2025-01-20T18:30:00Z,9577.981,9577.981
2025-01-21T18:30:00Z,9727.392,9727.392
2025-01-22T18:30:00Z,9675.256,9675.256
2025-01-23T18:30:00Z,10318.296,10318.296
2025-01-24T18:30:00Z,8435.868,8435.868
2025-01-25T18:30:00Z,6669.784,6669.784
2025-01-26T18:30:00Z,10470.356,10470.356
2025-01-27T18:30:00Z,9035.61,9035.61
2025-01-28T18:30:00Z,9742.288,9742.288
2025-01-29T18:30:00Z,9119.743,9119.743
2025-01-30T18:30:00Z,9615.593,9615.593
2025-01-31T18:30:00Z,7424.358,7424.358
2025-02-01T18:30:00Z,7887.791,7887.791
2025-02-02T18:30:00Z,9796.215,9796.215
2025-02-03T18:30:00Z,10390.657,10390.657
2025-02-04T18:30:00Z,9325.89,9325.89
2025-02-05T18:30:00Z,10021.668,10021.668
2025-02-06T18:30:00Z,9315.725,9315.725
2025-02-07T18:30:00Z,8108.495,8108.495
2025-02-08T18:30:00Z,8125.424,8125.424
2025-02-09T18:30:00Z,8914.6,8914.6
2025-02-10T18:30:00Z,9911.139,9911.139
2025-02-11T18:30:00Z,10018.553,10018.553
2025-02-12T18:30:00Z,9713.215,9713.215
2025-02-13T18:30:00Z,2149.504,2149.504
